2021-09-11 23:58:44.819597 -> Error: USB_CONN          -> No se pudo conectar con CH340 (Driver USB de la mquina). USB-Serial CH340 no detectado en ningn puerto. Compruebe conexin y Driver.
2021-09-13 18:24:39.396128 -> Error: USB_MUTE          -> No se recibieron más datos de la máquina. Máquina apagada o desconectada. Último dato recibido: 2021-09-13 18:24:12.992694. 
2021-09-13 18:30:09.351563 -> Error: USB_MUTE          -> No se recibieron más datos de la máquina. Máquina apagada o desconectada. Último dato recibido: 2021-09-13 18:29:42.928127. 
2021-09-16 19:07:34.906073 -> Error: USB_CONN          -> No se pudo conectar con CH340 (Driver USB de la máquina). could not open port 'COM3': PermissionError(13, 'Acceso denegado.', None, 5)
2021-09-19 17:56:13.100202 -> Error: USB_HOT_UNPLUGGED -> Se perdió la conexión con la máquina. GetOverlappedResult failed (PermissionError(13, 'Acceso denegado.', None, 5))
2023-08-22 10:54:12.659611 -> Error: USB_CONN          -> No se pudo conectar con CH340 (Driver USB de la máquina). could not open port 'COM3': PermissionError(13, 'Acceso denegado.', None, 5)
2023-08-22 10:59:07.536234 -> Error: DB_WRITE          -> No se pudo escribir en la Base de Datos. Última conexión/escritura OK: 2023-08-22 10:54:07.536234. Falló la llamada al Stored Procedure: HL.sp_insertarSesion.
2023-08-22 11:03:43.924157 -> Error: USB_CONN          -> No se pudo conectar con CH340 (Driver USB de la máquina). could not open port 'COM3': PermissionError(13, 'Acceso denegado.', None, 5)
2023-08-22 11:19:19.540286 -> Error: DB_WRITE          -> No se pudo escribir en la Base de Datos. Última conexión/escritura OK: 2023-08-22 11:14:19.540286. Falló la llamada al Stored Procedure: HL.sp_insertarSesion.
2023-08-22 11:27:00.883521 -> Error: USB_CONN          -> No se pudo conectar con CH340 (Driver USB de la máquina). could not open port 'COM3': PermissionError(13, 'Acceso denegado.', None, 5)
2023-08-22 11:27:42.746758 -> Error: USB_MUTE          -> No se recibieron más datos de la máquina. Máquina apagada o desconectada. Último dato recibido: 2023-08-22 11:22:42.738299. 
2023-08-22 11:30:27.428854 -> Error: USB_CONN          -> No se pudo conectar con CH340 (Driver USB de la máquina). could not open port 'COM3': PermissionError(13, 'Acceso denegado.', None, 5)
2023-08-22 11:32:50.853402 -> Error: USB_CONN          -> No se pudo conectar con CH340 (Driver USB de la máquina). could not open port 'COM3': PermissionError(13, 'Acceso denegado.', None, 5)
2023-08-22 11:33:08.333116 -> Error: USB_HOT_UNPLUGGED -> Se perdió la conexión con la máquina. GetOverlappedResult failed (PermissionError(13, 'Acceso denegado.', None, 5))
2023-08-22 11:34:08.024915 -> Error: USB_CONN          -> No se pudo conectar con CH340 (Driver USB de la máquina). could not open port 'COM3': PermissionError(13, 'Acceso denegado.', None, 5)
2023-08-22 11:41:19.593079 -> Error: DB_WRITE          -> No se pudo escribir en la Base de Datos. Última conexión/escritura OK: 2023-08-22 11:36:19.593079. Falló la llamada al Stored Procedure: HL.sp_insertarSesion.
2023-08-22 11:51:19.593087 -> Error: DB_WRITE          -> No se pudo escribir en la Base de Datos. Última conexión/escritura OK: 2023-08-22 11:46:19.593087. Falló la llamada al Stored Procedure: HL.sp_insertarSesion.
2023-08-22 11:57:20.330935 -> Error: DB_WRITE          -> No se pudo escribir en la Base de Datos. Última conexión/escritura OK: 2023-08-22 11:52:20.330935. Falló la llamada al Stored Procedure: HL.sp_insertarSesion.
2023-08-22 12:19:36.318317 -> Error: DB_WRITE          -> No se pudo escribir en la Base de Datos. Última conexión/escritura OK: 2023-08-22 12:14:36.318317. Falló la llamada al Stored Procedure: HL.sp_insertarSesion.
2023-08-22 13:07:13.481423 -> Error: USB_MUTE          -> No se recibieron más datos de la máquina. Máquina apagada o desconectada. Último dato recibido: 2023-08-22 13:06:13.482558. 
2023-08-31 09:04:13.906437 -> Error: USB_CONN          -> No se pudo conectar con CH340 (Driver USB de la máquina). could not open port 'COM3': PermissionError(13, 'Acceso denegado.', None, 5)
2023-08-31 09:04:18.453029 -> Error: USB_CONN          -> No se pudo conectar con CH340 (Driver USB de la máquina). could not open port 'COM3': PermissionError(13, 'Acceso denegado.', None, 5)
2023-08-31 09:05:02.013895 -> Error: USB_CONN          -> No se pudo conectar con CH340 (Driver USB de la máquina). could not open port 'COM3': PermissionError(13, 'Acceso denegado.', None, 5)
2025-08-27 15:26:40.194027 -> Error: USB_MUTE          -> No se recibieron más datos de la máquina. Máquina apagada o desconectada. Último dato recibido: 2025-08-27 15:25:40.186502. 
2025-08-27 15:27:40.201250 -> Error: USB_MUTE          -> No se recibieron más datos de la máquina. Máquina apagada o desconectada. Último dato recibido: 2025-08-27 15:26:40.246480. 
2025-08-27 15:28:40.200764 -> Error: USB_MUTE          -> No se recibieron más datos de la máquina. Máquina apagada o desconectada. Último dato recibido: 2025-08-27 15:27:40.211854. 
2025-08-27 22:08:41.132713 -> Error: USB_MUTE          -> No se recibieron más datos de la máquina. Máquina apagada o desconectada. Último dato recibido: 2025-08-27 22:07:41.122457. 
2025-08-27 22:14:41.140006 -> Error: USB_MUTE          -> No se recibieron más datos de la máquina. Máquina apagada o desconectada. Último dato recibido: 2025-08-27 22:13:41.142992. 
2025-08-27 22:16:41.149896 -> Error: USB_MUTE          -> No se recibieron más datos de la máquina. Máquina apagada o desconectada. Último dato recibido: 2025-08-27 22:15:41.134869. 
2025-08-28 16:47:40.873333 -> Error: USB_MUTE          -> No se recibieron más datos de la máquina. Máquina apagada o desconectada. Último dato recibido: 2025-08-28 16:46:40.876846. 
2025-08-28 16:48:40.888381 -> Error: USB_MUTE          -> No se recibieron más datos de la máquina. Máquina apagada o desconectada. Último dato recibido: 2025-08-28 16:47:40.929269. 
2025-08-28 16:49:40.889738 -> Error: USB_MUTE          -> No se recibieron más datos de la máquina. Máquina apagada o desconectada. Último dato recibido: 2025-08-28 16:48:40.904518. 
2025-08-28 16:50:40.887493 -> Error: USB_MUTE          -> No se recibieron más datos de la máquina. Máquina apagada o desconectada. Último dato recibido: 2025-08-28 16:49:40.905903. 
2025-08-28 16:51:40.886581 -> Error: USB_MUTE          -> No se recibieron más datos de la máquina. Máquina apagada o desconectada. Último dato recibido: 2025-08-28 16:50:40.897624. 
2025-08-28 16:52:40.894240 -> Error: USB_MUTE          -> No se recibieron más datos de la máquina. Máquina apagada o desconectada. Último dato recibido: 2025-08-28 16:51:40.910774. 
2025-08-28 16:53:40.895955 -> Error: USB_MUTE          -> No se recibieron más datos de la máquina. Máquina apagada o desconectada. Último dato recibido: 2025-08-28 16:52:40.913480. 
2025-08-28 16:54:40.896433 -> Error: USB_MUTE          -> No se recibieron más datos de la máquina. Máquina apagada o desconectada. Último dato recibido: 2025-08-28 16:53:40.914162. 
2025-08-28 17:05:40.928295 -> Error: USB_MUTE          -> No se recibieron más datos de la máquina. Máquina apagada o desconectada. Último dato recibido: 2025-08-28 17:04:40.925192. 
2025-08-28 17:06:40.923964 -> Error: USB_MUTE          -> No se recibieron más datos de la máquina. Máquina apagada o desconectada. Último dato recibido: 2025-08-28 17:05:40.961565. 
2025-08-28 17:07:40.929892 -> Error: USB_MUTE          -> No se recibieron más datos de la máquina. Máquina apagada o desconectada. Último dato recibido: 2025-08-28 17:06:40.940529. 
2025-08-28 17:08:40.927397 -> Error: USB_MUTE          -> No se recibieron más datos de la máquina. Máquina apagada o desconectada. Último dato recibido: 2025-08-28 17:07:40.946612. 
2025-08-28 17:09:40.939372 -> Error: USB_MUTE          -> No se recibieron más datos de la máquina. Máquina apagada o desconectada. Último dato recibido: 2025-08-28 17:08:40.945097. 
2025-08-28 17:10:40.938596 -> Error: USB_MUTE          -> No se recibieron más datos de la máquina. Máquina apagada o desconectada. Último dato recibido: 2025-08-28 17:09:40.948954. 
2025-08-28 17:11:40.938855 -> Error: USB_MUTE          -> No se recibieron más datos de la máquina. Máquina apagada o desconectada. Último dato recibido: 2025-08-28 17:10:40.956770. 
2025-08-28 17:12:40.939948 -> Error: USB_MUTE          -> No se recibieron más datos de la máquina. Máquina apagada o desconectada. Último dato recibido: 2025-08-28 17:11:40.955959. 
2025-08-28 17:13:40.940837 -> Error: USB_MUTE          -> No se recibieron más datos de la máquina. Máquina apagada o desconectada. Último dato recibido: 2025-08-28 17:12:40.962026. 
2025-08-28 17:14:40.935644 -> Error: USB_MUTE          -> No se recibieron más datos de la máquina. Máquina apagada o desconectada. Último dato recibido: 2025-08-28 17:13:40.958017. 
2025-08-28 17:15:40.944148 -> Error: USB_MUTE          -> No se recibieron más datos de la máquina. Máquina apagada o desconectada. Último dato recibido: 2025-08-28 17:14:40.965539. 
2025-08-28 17:16:40.953002 -> Error: USB_MUTE          -> No se recibieron más datos de la máquina. Máquina apagada o desconectada. Último dato recibido: 2025-08-28 17:15:40.961186. 
2025-08-28 17:17:40.955068 -> Error: USB_MUTE          -> No se recibieron más datos de la máquina. Máquina apagada o desconectada. Último dato recibido: 2025-08-28 17:16:40.970220. 
2025-08-28 17:23:40.966362 -> Error: USB_MUTE          -> No se recibieron más datos de la máquina. Máquina apagada o desconectada. Último dato recibido: 2025-08-28 17:22:40.970093. 
2025-08-28 17:24:40.973526 -> Error: USB_MUTE          -> No se recibieron más datos de la máquina. Máquina apagada o desconectada. Último dato recibido: 2025-08-28 17:23:40.996562. 
2025-08-28 17:25:40.975069 -> Error: USB_MUTE          -> No se recibieron más datos de la máquina. Máquina apagada o desconectada. Último dato recibido: 2025-08-28 17:24:40.988084. 
2025-08-28 17:26:40.971707 -> Error: USB_MUTE          -> No se recibieron más datos de la máquina. Máquina apagada o desconectada. Último dato recibido: 2025-08-28 17:25:40.991228. 
2025-08-28 17:27:40.968719 -> Error: USB_MUTE          -> No se recibieron más datos de la máquina. Máquina apagada o desconectada. Último dato recibido: 2025-08-28 17:26:40.986266. 
2025-08-28 17:28:40.980957 -> Error: USB_MUTE          -> No se recibieron más datos de la máquina. Máquina apagada o desconectada. Último dato recibido: 2025-08-28 17:27:40.985455. 
2025-08-28 17:29:40.978773 -> Error: USB_MUTE          -> No se recibieron más datos de la máquina. Máquina apagada o desconectada. Último dato recibido: 2025-08-28 17:28:40.992495. 
2025-08-28 17:30:40.974517 -> Error: USB_MUTE          -> No se recibieron más datos de la máquina. Máquina apagada o desconectada. Último dato recibido: 2025-08-28 17:29:40.994910. 
2025-08-28 17:37:41.003523 -> Error: USB_MUTE          -> No se recibieron más datos de la máquina. Máquina apagada o desconectada. Último dato recibido: 2025-08-28 17:36:40.997283. 
2025-08-28 18:22:41.105343 -> Error: USB_MUTE          -> No se recibieron más datos de la máquina. Máquina apagada o desconectada. Último dato recibido: 2025-08-28 18:21:41.104657. 
2025-08-28 18:23:41.107094 -> Error: USB_MUTE          -> No se recibieron más datos de la máquina. Máquina apagada o desconectada. Último dato recibido: 2025-08-28 18:22:41.110372. 
2025-08-28 18:24:41.108370 -> Error: USB_MUTE          -> No se recibieron más datos de la máquina. Máquina apagada o desconectada. Último dato recibido: 2025-08-28 18:23:41.117635. 
2025-08-28 18:25:41.111145 -> Error: USB_MUTE          -> No se recibieron más datos de la máquina. Máquina apagada o desconectada. Último dato recibido: 2025-08-28 18:24:41.125031. 
2025-08-28 18:26:41.107432 -> Error: USB_MUTE          -> No se recibieron más datos de la máquina. Máquina apagada o desconectada. Último dato recibido: 2025-08-28 18:25:41.128277. 
2025-08-28 18:27:41.111128 -> Error: USB_MUTE          -> No se recibieron más datos de la máquina. Máquina apagada o desconectada. Último dato recibido: 2025-08-28 18:26:41.119972. 
2025-08-28 18:28:41.119760 -> Error: USB_MUTE          -> No se recibieron más datos de la máquina. Máquina apagada o desconectada. Último dato recibido: 2025-08-28 18:27:41.127671. 
2025-08-28 18:29:41.124186 -> Error: USB_MUTE          -> No se recibieron más datos de la máquina. Máquina apagada o desconectada. Último dato recibido: 2025-08-28 18:28:41.133388. 
2025-08-28 18:34:41.131860 -> Error: USB_MUTE          -> No se recibieron más datos de la máquina. Máquina apagada o desconectada. Último dato recibido: 2025-08-28 18:33:41.134678. 
2025-08-28 18:39:41.140296 -> Error: USB_MUTE          -> No se recibieron más datos de la máquina. Máquina apagada o desconectada. Último dato recibido: 2025-08-28 18:38:41.144469. 
2025-08-28 18:40:41.147737 -> Error: USB_MUTE          -> No se recibieron más datos de la máquina. Máquina apagada o desconectada. Último dato recibido: 2025-08-28 18:39:41.140296. 
2025-08-28 18:41:41.149065 -> Error: USB_MUTE          -> No se recibieron más datos de la máquina. Máquina apagada o desconectada. Último dato recibido: 2025-08-28 18:40:41.163429. 
2025-08-28 18:42:41.152820 -> Error: USB_MUTE          -> No se recibieron más datos de la máquina. Máquina apagada o desconectada. Último dato recibido: 2025-08-28 18:41:41.164704. 
2025-08-28 18:43:41.156069 -> Error: USB_MUTE          -> No se recibieron más datos de la máquina. Máquina apagada o desconectada. Último dato recibido: 2025-08-28 18:42:41.168510. 
2025-08-28 18:44:41.157077 -> Error: USB_MUTE          -> No se recibieron más datos de la máquina. Máquina apagada o desconectada. Último dato recibido: 2025-08-28 18:43:41.171711. 
2025-08-28 18:49:41.164930 -> Error: USB_MUTE          -> No se recibieron más datos de la máquina. Máquina apagada o desconectada. Último dato recibido: 2025-08-28 18:48:41.161116. 
2025-08-28 18:50:41.166964 -> Error: USB_MUTE          -> No se recibieron más datos de la máquina. Máquina apagada o desconectada. Último dato recibido: 2025-08-28 18:49:41.164930. 
2025-08-28 18:51:41.174842 -> Error: USB_MUTE          -> No se recibieron más datos de la máquina. Máquina apagada o desconectada. Último dato recibido: 2025-08-28 18:50:41.188231. 
2025-08-28 19:01:41.187148 -> Error: USB_MUTE          -> No se recibieron más datos de la máquina. Máquina apagada o desconectada. Último dato recibido: 2025-08-28 19:00:41.196749. 
2025-08-28 19:02:41.201060 -> Error: USB_MUTE          -> No se recibieron más datos de la máquina. Máquina apagada o desconectada. Último dato recibido: 2025-08-28 19:01:41.203288. 
2025-08-28 19:03:41.202227 -> Error: USB_MUTE          -> No se recibieron más datos de la máquina. Máquina apagada o desconectada. Último dato recibido: 2025-08-28 19:02:41.209207. 
2025-08-28 19:04:41.201337 -> Error: USB_MUTE          -> No se recibieron más datos de la máquina. Máquina apagada o desconectada. Último dato recibido: 2025-08-28 19:03:41.215792. 
2025-08-28 19:05:41.195609 -> Error: USB_MUTE          -> No se recibieron más datos de la máquina. Máquina apagada o desconectada. Último dato recibido: 2025-08-28 19:04:41.213412. 
2025-08-28 19:06:41.199011 -> Error: USB_MUTE          -> No se recibieron más datos de la máquina. Máquina apagada o desconectada. Último dato recibido: 2025-08-28 19:05:41.211250. 
2025-08-28 19:07:41.207142 -> Error: USB_MUTE          -> No se recibieron más datos de la máquina. Máquina apagada o desconectada. Último dato recibido: 2025-08-28 19:06:41.215133. 
2025-08-28 19:11:41.219381 -> Error: USB_MUTE          -> No se recibieron más datos de la máquina. Máquina apagada o desconectada. Último dato recibido: 2025-08-28 19:10:41.218034. 
2025-08-28 19:16:41.233337 -> Error: USB_MUTE          -> No se recibieron más datos de la máquina. Máquina apagada o desconectada. Último dato recibido: 2025-08-28 19:15:41.228899. 
2025-08-28 19:22:41.246650 -> Error: USB_MUTE          -> No se recibieron más datos de la máquina. Máquina apagada o desconectada. Último dato recibido: 2025-08-28 19:21:41.245436. 
2025-08-28 19:23:41.246470 -> Error: USB_MUTE          -> No se recibieron más datos de la máquina. Máquina apagada o desconectada. Último dato recibido: 2025-08-28 19:22:41.277474. 
2025-08-28 19:24:41.251417 -> Error: USB_MUTE          -> No se recibieron más datos de la máquina. Máquina apagada o desconectada. Último dato recibido: 2025-08-28 19:23:41.259585. 
2025-08-28 19:25:41.245757 -> Error: USB_MUTE          -> No se recibieron más datos de la máquina. Máquina apagada o desconectada. Último dato recibido: 2025-08-28 19:24:41.267067. 
2025-08-28 19:26:41.251175 -> Error: USB_MUTE          -> No se recibieron más datos de la máquina. Máquina apagada o desconectada. Último dato recibido: 2025-08-28 19:25:41.257767. 
2025-08-28 19:27:41.258193 -> Error: USB_MUTE          -> No se recibieron más datos de la máquina. Máquina apagada o desconectada. Último dato recibido: 2025-08-28 19:26:41.267841. 
2025-08-28 19:28:41.253071 -> Error: USB_MUTE          -> No se recibieron más datos de la máquina. Máquina apagada o desconectada. Último dato recibido: 2025-08-28 19:27:41.265703. 
2025-08-28 19:33:41.262904 -> Error: USB_MUTE          -> No se recibieron más datos de la máquina. Máquina apagada o desconectada. Último dato recibido: 2025-08-28 19:32:41.270723. 
2025-08-28 19:34:41.271266 -> Error: USB_MUTE          -> No se recibieron más datos de la máquina. Máquina apagada o desconectada. Último dato recibido: 2025-08-28 19:33:41.278548. 
2025-08-28 19:37:41.271296 -> Error: USB_MUTE          -> No se recibieron más datos de la máquina. Máquina apagada o desconectada. Último dato recibido: 2025-08-28 19:36:41.276439. 
2025-08-28 19:38:41.276037 -> Error: USB_MUTE          -> No se recibieron más datos de la máquina. Máquina apagada o desconectada. Último dato recibido: 2025-08-28 19:37:41.338729. 
2025-08-28 19:39:41.284969 -> Error: USB_MUTE          -> No se recibieron más datos de la máquina. Máquina apagada o desconectada. Último dato recibido: 2025-08-28 19:38:41.293228. 
2025-08-28 19:40:41.276941 -> Error: USB_MUTE          -> No se recibieron más datos de la máquina. Máquina apagada o desconectada. Último dato recibido: 2025-08-28 19:39:41.293976. 
2025-08-28 19:41:41.289614 -> Error: USB_MUTE          -> No se recibieron más datos de la máquina. Máquina apagada o desconectada. Último dato recibido: 2025-08-28 19:40:41.294036. 
2025-08-28 19:42:41.285479 -> Error: USB_MUTE          -> No se recibieron más datos de la máquina. Máquina apagada o desconectada. Último dato recibido: 2025-08-28 19:41:41.305742. 
2025-08-28 19:43:41.295001 -> Error: USB_MUTE          -> No se recibieron más datos de la máquina. Máquina apagada o desconectada. Último dato recibido: 2025-08-28 19:42:41.304294. 
2025-08-28 19:44:41.283114 -> Error: USB_MUTE          -> No se recibieron más datos de la máquina. Máquina apagada o desconectada. Último dato recibido: 2025-08-28 19:43:41.310693. 
2025-08-28 19:53:41.308632 -> Error: USB_MUTE          -> No se recibieron más datos de la máquina. Máquina apagada o desconectada. Último dato recibido: 2025-08-28 19:52:41.315390. 
2025-08-28 19:54:41.319479 -> Error: USB_MUTE          -> No se recibieron más datos de la máquina. Máquina apagada o desconectada. Último dato recibido: 2025-08-28 19:53:41.399200. 
2025-08-28 19:55:41.323298 -> Error: USB_MUTE          -> No se recibieron más datos de la máquina. Máquina apagada o desconectada. Último dato recibido: 2025-08-28 19:54:41.332531. 
2025-08-28 19:56:41.311395 -> Error: USB_MUTE          -> No se recibieron más datos de la máquina. Máquina apagada o desconectada. Último dato recibido: 2025-08-28 19:55:41.324310. 
2025-08-28 19:57:41.319002 -> Error: USB_MUTE          -> No se recibieron más datos de la máquina. Máquina apagada o desconectada. Último dato recibido: 2025-08-28 19:56:41.341630. 
2025-08-28 19:59:41.331780 -> Error: USB_MUTE          -> No se recibieron más datos de la máquina. Máquina apagada o desconectada. Último dato recibido: 2025-08-28 19:58:41.322844. 
2025-08-28 20:02:41.326978 -> Error: USB_MUTE          -> No se recibieron más datos de la máquina. Máquina apagada o desconectada. Último dato recibido: 2025-08-28 20:01:41.334399. 
2025-08-28 20:03:41.341732 -> Error: USB_MUTE          -> No se recibieron más datos de la máquina. Máquina apagada o desconectada. Último dato recibido: 2025-08-28 20:02:41.393963. 
2025-08-28 21:13:41.497635 -> Error: USB_MUTE          -> No se recibieron más datos de la máquina. Máquina apagada o desconectada. Último dato recibido: 2025-08-28 21:12:41.492838. 
2025-08-28 21:14:41.502378 -> Error: USB_MUTE          -> No se recibieron más datos de la máquina. Máquina apagada o desconectada. Último dato recibido: 2025-08-28 21:13:41.509642. 
2025-08-28 21:21:41.519759 -> Error: USB_MUTE          -> No se recibieron más datos de la máquina. Máquina apagada o desconectada. Último dato recibido: 2025-08-28 21:20:41.521402. 
2025-08-28 21:22:41.517942 -> Error: USB_MUTE          -> No se recibieron más datos de la máquina. Máquina apagada o desconectada. Último dato recibido: 2025-08-28 21:21:41.568024. 
2025-08-29 10:09:43.303943 -> Error: USB_MUTE          -> No se recibieron más datos de la máquina. Máquina apagada o desconectada. Último dato recibido: 2025-08-29 10:08:43.302719. 
2025-08-30 00:20:42.848530 -> Error: USB_MUTE          -> No se recibieron más datos de la máquina. Máquina apagada o desconectada. Último dato recibido: 2025-08-30 00:19:42.851795. 
2025-08-30 02:17:43.116385 -> Error: USB_MUTE          -> No se recibieron más datos de la máquina. Máquina apagada o desconectada. Último dato recibido: 2025-08-30 02:16:43.127953. 
2025-08-30 02:18:43.132821 -> Error: USB_MUTE          -> No se recibieron más datos de la máquina. Máquina apagada o desconectada. Último dato recibido: 2025-08-30 02:17:43.212587. 
2025-08-30 02:19:43.134561 -> Error: USB_MUTE          -> No se recibieron más datos de la máquina. Máquina apagada o desconectada. Último dato recibido: 2025-08-30 02:18:43.148920. 
2025-08-30 05:08:43.526040 -> Error: USB_MUTE          -> No se recibieron más datos de la máquina. Máquina apagada o desconectada. Último dato recibido: 2025-08-30 05:07:43.526783. 
2025-09-01 10:42:45.405067 -> Error: USB_MUTE          -> No se recibieron más datos de la máquina. Máquina apagada o desconectada. Último dato recibido: 2025-09-01 10:41:45.407436. 
2025-09-01 12:02:45.597037 -> Error: USB_MUTE          -> No se recibieron más datos de la máquina. Máquina apagada o desconectada. Último dato recibido: 2025-09-01 12:01:45.588661. 
2025-09-01 12:03:45.599350 -> Error: USB_MUTE          -> No se recibieron más datos de la máquina. Máquina apagada o desconectada. Último dato recibido: 2025-09-01 12:02:45.597037. 
2025-09-01 12:04:45.596434 -> Error: USB_MUTE          -> No se recibieron más datos de la máquina. Máquina apagada o desconectada. Último dato recibido: 2025-09-01 12:03:45.602358. 
2025-09-01 12:05:45.590234 -> Error: USB_MUTE          -> No se recibieron más datos de la máquina. Máquina apagada o desconectada. Último dato recibido: 2025-09-01 12:04:45.612075. 
2025-09-01 12:08:45.604109 -> Error: USB_MUTE          -> No se recibieron más datos de la máquina. Máquina apagada o desconectada. Último dato recibido: 2025-09-01 12:07:45.605960. 
2025-09-01 12:09:45.601505 -> Error: USB_MUTE          -> No se recibieron más datos de la máquina. Máquina apagada o desconectada. Último dato recibido: 2025-09-01 12:08:45.687235. 
2025-09-01 12:10:45.607293 -> Error: USB_MUTE          -> No se recibieron más datos de la máquina. Máquina apagada o desconectada. Último dato recibido: 2025-09-01 12:09:45.629240. 
2025-09-02 02:32:44.887918 -> Error: USB_MUTE          -> No se recibieron más datos de la máquina. Máquina apagada o desconectada. Último dato recibido: 2025-09-02 02:31:44.888484. 
2025-09-02 02:33:44.890237 -> Error: USB_MUTE          -> No se recibieron más datos de la máquina. Máquina apagada o desconectada. Último dato recibido: 2025-09-02 02:32:44.960314. 
2025-09-02 07:11:45.525801 -> Error: USB_MUTE          -> No se recibieron más datos de la máquina. Máquina apagada o desconectada. Último dato recibido: 2025-09-02 07:10:45.526999. 
2025-09-02 07:24:45.555442 -> Error: USB_MUTE          -> No se recibieron más datos de la máquina. Máquina apagada o desconectada. Último dato recibido: 2025-09-02 07:23:45.554051. 
2025-09-02 07:25:45.544192 -> Error: USB_MUTE          -> No se recibieron más datos de la máquina. Máquina apagada o desconectada. Último dato recibido: 2025-09-02 07:24:45.651991. 
2025-09-04 22:41:46.082660 -> Error: USB_MUTE          -> No se recibieron más datos de la máquina. Máquina apagada o desconectada. Último dato recibido: 2025-09-04 22:40:46.083631. 
2025-09-04 22:42:46.078761 -> Error: USB_MUTE          -> No se recibieron más datos de la máquina. Máquina apagada o desconectada. Último dato recibido: 2025-09-04 22:41:46.139627. 
2025-09-04 22:43:46.084320 -> Error: USB_MUTE          -> No se recibieron más datos de la máquina. Máquina apagada o desconectada. Último dato recibido: 2025-09-04 22:42:46.097954. 
2025-09-04 22:44:46.091160 -> Error: USB_MUTE          -> No se recibieron más datos de la máquina. Máquina apagada o desconectada. Último dato recibido: 2025-09-04 22:43:46.097391. 
2025-09-04 22:45:46.086430 -> Error: USB_MUTE          -> No se recibieron más datos de la máquina. Máquina apagada o desconectada. Último dato recibido: 2025-09-04 22:44:46.102701. 
2025-09-04 22:46:46.093884 -> Error: USB_MUTE          -> No se recibieron más datos de la máquina. Máquina apagada o desconectada. Último dato recibido: 2025-09-04 22:45:46.103972. 
2025-09-04 22:52:46.106314 -> Error: USB_MUTE          -> No se recibieron más datos de la máquina. Máquina apagada o desconectada. Último dato recibido: 2025-09-04 22:51:46.108242. 
2025-09-04 22:53:46.103020 -> Error: USB_MUTE          -> No se recibieron más datos de la máquina. Máquina apagada o desconectada. Último dato recibido: 2025-09-04 22:52:46.136999. 
2025-09-04 22:54:46.113770 -> Error: USB_MUTE          -> No se recibieron más datos de la máquina. Máquina apagada o desconectada. Último dato recibido: 2025-09-04 22:53:46.118057. 
2025-09-04 22:55:46.114588 -> Error: USB_MUTE          -> No se recibieron más datos de la máquina. Máquina apagada o desconectada. Último dato recibido: 2025-09-04 22:54:46.129387. 
2025-09-04 22:56:46.114864 -> Error: USB_MUTE          -> No se recibieron más datos de la máquina. Máquina apagada o desconectada. Último dato recibido: 2025-09-04 22:55:46.127148. 
2025-09-04 22:57:46.122245 -> Error: USB_MUTE          -> No se recibieron más datos de la máquina. Máquina apagada o desconectada. Último dato recibido: 2025-09-04 22:56:46.125372. 
2025-09-04 22:58:46.119189 -> Error: USB_MUTE          -> No se recibieron más datos de la máquina. Máquina apagada o desconectada. Último dato recibido: 2025-09-04 22:57:46.139494. 
2025-09-04 22:59:46.126017 -> Error: USB_MUTE          -> No se recibieron más datos de la máquina. Máquina apagada o desconectada. Último dato recibido: 2025-09-04 22:58:46.140384. 
2025-09-04 23:01:46.127695 -> Error: USB_MUTE          -> No se recibieron más datos de la máquina. Máquina apagada o desconectada. Último dato recibido: 2025-09-04 23:00:46.124958. 
2025-09-04 23:01:46.189061 -> Error: USB_MUTE          -> No se recibieron más datos de la máquina. Máquina apagada o desconectada. Último dato recibido: 2025-09-04 23:01:46.177021. 
2025-09-04 23:02:46.132662 -> Error: USB_MUTE          -> No se recibieron más datos de la máquina. Máquina apagada o desconectada. Último dato recibido: 2025-09-04 23:01:46.189061. 
2025-09-04 23:03:46.123232 -> Error: USB_MUTE          -> No se recibieron más datos de la máquina. Máquina apagada o desconectada. Último dato recibido: 2025-09-04 23:02:46.150232. 
2025-09-04 23:04:46.130117 -> Error: USB_MUTE          -> No se recibieron más datos de la máquina. Máquina apagada o desconectada. Último dato recibido: 2025-09-04 23:03:46.154471. 
2025-09-04 23:05:46.137213 -> Error: USB_MUTE          -> No se recibieron más datos de la máquina. Máquina apagada o desconectada. Último dato recibido: 2025-09-04 23:04:46.155390. 
2025-09-04 23:06:46.133273 -> Error: USB_MUTE          -> No se recibieron más datos de la máquina. Máquina apagada o desconectada. Último dato recibido: 2025-09-04 23:05:46.154462. 
2025-09-04 23:07:46.144552 -> Error: USB_MUTE          -> No se recibieron más datos de la máquina. Máquina apagada o desconectada. Último dato recibido: 2025-09-04 23:06:46.150464. 
2025-09-04 23:08:46.144530 -> Error: USB_MUTE          -> No se recibieron más datos de la máquina. Máquina apagada o desconectada. Último dato recibido: 2025-09-04 23:07:46.150561. 
2025-09-04 23:09:46.148485 -> Error: USB_MUTE          -> No se recibieron más datos de la máquina. Máquina apagada o desconectada. Último dato recibido: 2025-09-04 23:08:46.153538. 
2025-09-04 23:10:46.147811 -> Error: USB_MUTE          -> No se recibieron más datos de la máquina. Máquina apagada o desconectada. Último dato recibido: 2025-09-04 23:09:46.166212. 
2025-09-04 23:11:46.148488 -> Error: USB_MUTE          -> No se recibieron más datos de la máquina. Máquina apagada o desconectada. Último dato recibido: 2025-09-04 23:10:46.165528. 
2025-09-04 23:12:46.151457 -> Error: USB_MUTE          -> No se recibieron más datos de la máquina. Máquina apagada o desconectada. Último dato recibido: 2025-09-04 23:11:46.167765. 
2025-09-04 23:13:46.154154 -> Error: USB_MUTE          -> No se recibieron más datos de la máquina. Máquina apagada o desconectada. Último dato recibido: 2025-09-04 23:12:46.168662. 
2025-09-04 23:14:46.156667 -> Error: USB_MUTE          -> No se recibieron más datos de la máquina. Máquina apagada o desconectada. Último dato recibido: 2025-09-04 23:13:46.170212. 
2025-09-04 23:15:46.154865 -> Error: USB_MUTE          -> No se recibieron más datos de la máquina. Máquina apagada o desconectada. Último dato recibido: 2025-09-04 23:14:46.179896. 
2025-09-04 23:16:46.156422 -> Error: USB_MUTE          -> No se recibieron más datos de la máquina. Máquina apagada o desconectada. Último dato recibido: 2025-09-04 23:15:46.179137. 
2025-09-04 23:17:46.156850 -> Error: USB_MUTE          -> No se recibieron más datos de la máquina. Máquina apagada o desconectada. Último dato recibido: 2025-09-04 23:16:46.172461. 
2025-09-04 23:18:46.170125 -> Error: USB_MUTE          -> No se recibieron más datos de la máquina. Máquina apagada o desconectada. Último dato recibido: 2025-09-04 23:17:46.186544. 
2025-09-04 23:19:46.168726 -> Error: USB_MUTE          -> No se recibieron más datos de la máquina. Máquina apagada o desconectada. Último dato recibido: 2025-09-04 23:18:46.182184. 
2025-09-04 23:20:46.171810 -> Error: USB_MUTE          -> No se recibieron más datos de la máquina. Máquina apagada o desconectada. Último dato recibido: 2025-09-04 23:19:46.185475. 
2025-09-04 23:21:46.166246 -> Error: USB_MUTE          -> No se recibieron más datos de la máquina. Máquina apagada o desconectada. Último dato recibido: 2025-09-04 23:20:46.186845. 
2025-09-04 23:22:46.168727 -> Error: USB_MUTE          -> No se recibieron más datos de la máquina. Máquina apagada o desconectada. Último dato recibido: 2025-09-04 23:21:46.189016. 
2025-09-04 23:23:46.179467 -> Error: USB_MUTE          -> No se recibieron más datos de la máquina. Máquina apagada o desconectada. Último dato recibido: 2025-09-04 23:22:46.184783. 
2025-09-04 23:24:46.172239 -> Error: USB_MUTE          -> No se recibieron más datos de la máquina. Máquina apagada o desconectada. Último dato recibido: 2025-09-04 23:23:46.188507. 
2025-09-04 23:25:46.177373 -> Error: USB_MUTE          -> No se recibieron más datos de la máquina. Máquina apagada o desconectada. Último dato recibido: 2025-09-04 23:24:46.189418. 
2025-09-04 23:26:46.174179 -> Error: USB_MUTE          -> No se recibieron más datos de la máquina. Máquina apagada o desconectada. Último dato recibido: 2025-09-04 23:25:46.196605. 
2025-09-04 23:27:46.178597 -> Error: USB_MUTE          -> No se recibieron más datos de la máquina. Máquina apagada o desconectada. Último dato recibido: 2025-09-04 23:26:46.195458. 
2025-09-05 08:53:47.480588 -> Error: USB_MUTE          -> No se recibieron más datos de la máquina. Máquina apagada o desconectada. Último dato recibido: 2025-09-05 08:52:47.485601. 
2025-09-05 08:54:47.484437 -> Error: USB_MUTE          -> No se recibieron más datos de la máquina. Máquina apagada o desconectada. Último dato recibido: 2025-09-05 08:53:47.562577. 
2025-09-05 10:26:47.694854 -> Error: USB_MUTE          -> No se recibieron más datos de la máquina. Máquina apagada o desconectada. Último dato recibido: 2025-09-05 10:25:47.701016. 
2025-09-06 05:08:47.560315 -> Error: USB_MUTE          -> No se recibieron más datos de la máquina. Máquina apagada o desconectada. Último dato recibido: 2025-09-06 05:07:47.561944. 
2025-09-06 05:09:47.556782 -> Error: USB_MUTE          -> No se recibieron más datos de la máquina. Máquina apagada o desconectada. Último dato recibido: 2025-09-06 05:08:47.672523. 
2025-09-06 19:26:49.789358 -> Error: USB_CONN          -> No se pudo conectar con CH340 (Driver USB de la máquina). could not open port 'COM3': PermissionError(13, 'Acceso denegado.', None, 5)
2025-09-08 15:29:56.496597 -> Error: USB_MUTE          -> No se recibieron más datos de la máquina. Máquina apagada o desconectada. Último dato recibido: 2025-09-08 15:28:56.496870. 
2025-09-08 15:30:56.500056 -> Error: USB_MUTE          -> No se recibieron más datos de la máquina. Máquina apagada o desconectada. Último dato recibido: 2025-09-08 15:29:56.567485. 
2025-09-08 15:33:56.507413 -> Error: USB_MUTE          -> No se recibieron más datos de la máquina. Máquina apagada o desconectada. Último dato recibido: 2025-09-08 15:32:56.507195. 
2025-09-08 16:24:56.622105 -> Error: USB_MUTE          -> No se recibieron más datos de la máquina. Máquina apagada o desconectada. Último dato recibido: 2025-09-08 16:23:56.625485. 
2025-09-08 16:27:56.630857 -> Error: USB_MUTE          -> No se recibieron más datos de la máquina. Máquina apagada o desconectada. Último dato recibido: 2025-09-08 16:26:56.632628. 
2025-09-08 16:28:56.627645 -> Error: USB_MUTE          -> No se recibieron más datos de la máquina. Máquina apagada o desconectada. Último dato recibido: 2025-09-08 16:27:56.685055. 
2025-09-08 16:31:56.643865 -> Error: USB_MUTE          -> No se recibieron más datos de la máquina. Máquina apagada o desconectada. Último dato recibido: 2025-09-08 16:30:56.636439. 
2025-09-08 16:32:56.645291 -> Error: USB_MUTE          -> No se recibieron más datos de la máquina. Máquina apagada o desconectada. Último dato recibido: 2025-09-08 16:31:56.696415. 
2025-09-08 16:33:56.644713 -> Error: USB_MUTE          -> No se recibieron más datos de la máquina. Máquina apagada o desconectada. Último dato recibido: 2025-09-08 16:32:56.660912. 
2025-09-08 16:35:56.642447 -> Error: USB_MUTE          -> No se recibieron más datos de la máquina. Máquina apagada o desconectada. Último dato recibido: 2025-09-08 16:34:56.644380. 
2025-09-09 03:16:58.169724 -> Error: USB_MUTE          -> No se recibieron más datos de la máquina. Máquina apagada o desconectada. Último dato recibido: 2025-09-09 03:15:58.165142. 
2025-09-09 03:17:58.168283 -> Error: USB_MUTE          -> No se recibieron más datos de la máquina. Máquina apagada o desconectada. Último dato recibido: 2025-09-09 03:16:58.220580. 
2025-09-09 14:05:56.907356 -> Error: USB_MUTE          -> No se recibieron más datos de la máquina. Máquina apagada o desconectada. Último dato recibido: 2025-09-09 14:04:56.908435. 
2025-09-09 14:18:56.947699 -> Error: USB_MUTE          -> No se recibieron más datos de la máquina. Máquina apagada o desconectada. Último dato recibido: 2025-09-09 14:17:56.946534. 
2025-09-09 15:00:57.043702 -> Error: USB_MUTE          -> No se recibieron más datos de la máquina. Máquina apagada o desconectada. Último dato recibido: 2025-09-09 14:59:57.041107. 
2025-09-09 15:02:57.043137 -> Error: USB_MUTE          -> No se recibieron más datos de la máquina. Máquina apagada o desconectada. Último dato recibido: 2025-09-09 15:01:57.053839. 
2025-09-09 15:03:57.052116 -> Error: USB_MUTE          -> No se recibieron más datos de la máquina. Máquina apagada o desconectada. Último dato recibido: 2025-09-09 15:02:57.087872. 
2025-09-09 15:04:57.056841 -> Error: USB_MUTE          -> No se recibieron más datos de la máquina. Máquina apagada o desconectada. Último dato recibido: 2025-09-09 15:03:57.067808. 
2025-09-09 15:05:57.058169 -> Error: USB_MUTE          -> No se recibieron más datos de la máquina. Máquina apagada o desconectada. Último dato recibido: 2025-09-09 15:04:57.070950. 
2025-09-09 15:06:57.059438 -> Error: USB_MUTE          -> No se recibieron más datos de la máquina. Máquina apagada o desconectada. Último dato recibido: 2025-09-09 15:05:57.075385. 
2025-09-09 15:07:57.057915 -> Error: USB_MUTE          -> No se recibieron más datos de la máquina. Máquina apagada o desconectada. Último dato recibido: 2025-09-09 15:06:57.076598. 
2025-09-09 15:08:57.071219 -> Error: USB_MUTE          -> No se recibieron más datos de la máquina. Máquina apagada o desconectada. Último dato recibido: 2025-09-09 15:07:57.080099. 
2025-09-09 15:09:57.068779 -> Error: USB_MUTE          -> No se recibieron más datos de la máquina. Máquina apagada o desconectada. Último dato recibido: 2025-09-09 15:08:57.071219. 
2025-09-09 15:10:57.072522 -> Error: USB_MUTE          -> No se recibieron más datos de la máquina. Máquina apagada o desconectada. Último dato recibido: 2025-09-09 15:09:57.086020. 
2025-09-09 15:11:57.069190 -> Error: USB_MUTE          -> No se recibieron más datos de la máquina. Máquina apagada o desconectada. Último dato recibido: 2025-09-09 15:10:57.088214. 
2025-09-09 15:12:57.075910 -> Error: USB_MUTE          -> No se recibieron más datos de la máquina. Máquina apagada o desconectada. Último dato recibido: 2025-09-09 15:11:57.087426. 
2025-09-09 15:13:57.071466 -> Error: USB_MUTE          -> No se recibieron más datos de la máquina. Máquina apagada o desconectada. Último dato recibido: 2025-09-09 15:12:57.095080. 
2025-09-09 15:14:57.079077 -> Error: USB_MUTE          -> No se recibieron más datos de la máquina. Máquina apagada o desconectada. Último dato recibido: 2025-09-09 15:13:57.092162. 
2025-09-09 15:15:57.085071 -> Error: USB_MUTE          -> No se recibieron más datos de la máquina. Máquina apagada o desconectada. Último dato recibido: 2025-09-09 15:14:57.094631. 
2025-09-09 15:16:57.090575 -> Error: USB_MUTE          -> No se recibieron más datos de la máquina. Máquina apagada o desconectada. Último dato recibido: 2025-09-09 15:15:57.088580. 
2025-09-09 15:17:57.088848 -> Error: USB_MUTE          -> No se recibieron más datos de la máquina. Máquina apagada o desconectada. Último dato recibido: 2025-09-09 15:16:57.095102. 
2025-09-09 15:18:57.095628 -> Error: USB_MUTE          -> No se recibieron más datos de la máquina. Máquina apagada o desconectada. Último dato recibido: 2025-09-09 15:17:57.103435. 
2025-09-09 15:19:57.095999 -> Error: USB_MUTE          -> No se recibieron más datos de la máquina. Máquina apagada o desconectada. Último dato recibido: 2025-09-09 15:18:57.099188. 
2025-09-09 15:20:57.098481 -> Error: USB_MUTE          -> No se recibieron más datos de la máquina. Máquina apagada o desconectada. Último dato recibido: 2025-09-09 15:19:57.102552. 
2025-09-09 15:21:57.102537 -> Error: USB_MUTE          -> No se recibieron más datos de la máquina. Máquina apagada o desconectada. Último dato recibido: 2025-09-09 15:20:57.103510. 
2025-09-09 15:23:57.104483 -> Error: USB_MUTE          -> No se recibieron más datos de la máquina. Máquina apagada o desconectada. Último dato recibido: 2025-09-09 15:22:57.097790. 
2025-09-09 15:24:57.105447 -> Error: USB_MUTE          -> No se recibieron más datos de la máquina. Máquina apagada o desconectada. Último dato recibido: 2025-09-09 15:23:57.140824. 
2025-09-09 15:25:57.111438 -> Error: USB_MUTE          -> No se recibieron más datos de la máquina. Máquina apagada o desconectada. Último dato recibido: 2025-09-09 15:24:57.121049. 
2025-09-09 15:26:57.111887 -> Error: USB_MUTE          -> No se recibieron más datos de la máquina. Máquina apagada o desconectada. Último dato recibido: 2025-09-09 15:25:57.126543. 
2025-09-09 15:27:57.106479 -> Error: USB_MUTE          -> No se recibieron más datos de la máquina. Máquina apagada o desconectada. Último dato recibido: 2025-09-09 15:26:57.118912. 
2025-09-09 15:28:57.110103 -> Error: USB_MUTE          -> No se recibieron más datos de la máquina. Máquina apagada o desconectada. Último dato recibido: 2025-09-09 15:27:57.129186. 
2025-09-09 15:29:57.112417 -> Error: USB_MUTE          -> No se recibieron más datos de la máquina. Máquina apagada o desconectada. Último dato recibido: 2025-09-09 15:28:57.125743. 
2025-09-09 15:30:57.122180 -> Error: USB_MUTE          -> No se recibieron más datos de la máquina. Máquina apagada o desconectada. Último dato recibido: 2025-09-09 15:29:57.132572. 
2025-09-09 15:49:57.165344 -> Error: USB_MUTE          -> No se recibieron más datos de la máquina. Máquina apagada o desconectada. Último dato recibido: 2025-09-09 15:48:57.166574. 
2025-09-09 15:55:57.178779 -> Error: USB_MUTE          -> No se recibieron más datos de la máquina. Máquina apagada o desconectada. Último dato recibido: 2025-09-09 15:54:57.175384. 
2025-09-09 15:56:57.185425 -> Error: USB_MUTE          -> No se recibieron más datos de la máquina. Máquina apagada o desconectada. Último dato recibido: 2025-09-09 15:55:57.212506. 
2025-09-09 15:57:57.187549 -> Error: USB_MUTE          -> No se recibieron más datos de la máquina. Máquina apagada o desconectada. Último dato recibido: 2025-09-09 15:56:57.197575. 
2025-09-09 18:07:57.494251 -> Error: USB_MUTE          -> No se recibieron más datos de la máquina. Máquina apagada o desconectada. Último dato recibido: 2025-09-09 18:06:57.493354. 
2025-09-09 18:11:57.495268 -> Error: USB_MUTE          -> No se recibieron más datos de la máquina. Máquina apagada o desconectada. Último dato recibido: 2025-09-09 18:10:57.490429. 
2025-09-09 18:13:57.508655 -> Error: USB_MUTE          -> No se recibieron más datos de la máquina. Máquina apagada o desconectada. Último dato recibido: 2025-09-09 18:12:57.497078. 
2025-09-09 18:14:57.510995 -> Error: USB_MUTE          -> No se recibieron más datos de la máquina. Máquina apagada o desconectada. Último dato recibido: 2025-09-09 18:13:57.553986. 
2025-09-09 18:15:57.510089 -> Error: USB_MUTE          -> No se recibieron más datos de la máquina. Máquina apagada o desconectada. Último dato recibido: 2025-09-09 18:14:57.527612. 
2025-09-09 18:16:57.506584 -> Error: USB_MUTE          -> No se recibieron más datos de la máquina. Máquina apagada o desconectada. Último dato recibido: 2025-09-09 18:15:57.525780. 
2025-09-09 18:17:57.513107 -> Error: USB_MUTE          -> No se recibieron más datos de la máquina. Máquina apagada o desconectada. Último dato recibido: 2025-09-09 18:16:57.518596. 
2025-09-09 18:18:57.511790 -> Error: USB_MUTE          -> No se recibieron más datos de la máquina. Máquina apagada o desconectada. Último dato recibido: 2025-09-09 18:17:57.528798. 
2025-09-10 01:53:58.590752 -> Error: USB_MUTE          -> No se recibieron más datos de la máquina. Máquina apagada o desconectada. Último dato recibido: 2025-09-10 01:52:58.596995. 
2025-09-10 01:54:58.600967 -> Error: USB_MUTE          -> No se recibieron más datos de la máquina. Máquina apagada o desconectada. Último dato recibido: 2025-09-10 01:53:58.601261. 
2025-09-10 01:55:58.602981 -> Error: USB_MUTE          -> No se recibieron más datos de la máquina. Máquina apagada o desconectada. Último dato recibido: 2025-09-10 01:54:58.609004. 
2025-09-10 01:56:58.601565 -> Error: USB_MUTE          -> No se recibieron más datos de la máquina. Máquina apagada o desconectada. Último dato recibido: 2025-09-10 01:55:58.620145. 
2025-09-10 01:57:58.608076 -> Error: USB_MUTE          -> No se recibieron más datos de la máquina. Máquina apagada o desconectada. Último dato recibido: 2025-09-10 01:56:58.617205. 
2025-09-10 04:48:59.005628 -> Error: USB_MUTE          -> No se recibieron más datos de la máquina. Máquina apagada o desconectada. Último dato recibido: 2025-09-10 04:47:59.001021. 
2025-09-10 04:49:59.012548 -> Error: USB_MUTE          -> No se recibieron más datos de la máquina. Máquina apagada o desconectada. Último dato recibido: 2025-09-10 04:48:59.057262. 
2025-09-10 08:16:59.511465 -> Error: USB_MUTE          -> No se recibieron más datos de la máquina. Máquina apagada o desconectada. Último dato recibido: 2025-09-10 08:15:59.513117. 
2025-09-10 08:17:59.506239 -> Error: USB_MUTE          -> No se recibieron más datos de la máquina. Máquina apagada o desconectada. Último dato recibido: 2025-09-10 08:16:59.614610. 
2025-09-10 13:17:00.232359 -> Error: USB_MUTE          -> No se recibieron más datos de la máquina. Máquina apagada o desconectada. Último dato recibido: 2025-09-10 13:16:00.221972. 
2025-09-10 15:08:57.715219 -> Error: USB_MUTE          -> No se recibieron más datos de la máquina. Máquina apagada o desconectada. Último dato recibido: 2025-09-10 15:07:57.716041. 
2025-09-10 15:09:57.725665 -> Error: USB_MUTE          -> No se recibieron más datos de la máquina. Máquina apagada o desconectada. Último dato recibido: 2025-09-10 15:08:57.762540. 
2025-09-10 15:11:57.733854 -> Error: USB_MUTE          -> No se recibieron más datos de la máquina. Máquina apagada o desconectada. Último dato recibido: 2025-09-10 15:10:57.731770. 
2025-09-10 15:12:57.737208 -> Error: USB_MUTE          -> No se recibieron más datos de la máquina. Máquina apagada o desconectada. Último dato recibido: 2025-09-10 15:11:57.762465. 
2025-09-10 15:27:57.765674 -> Error: USB_MUTE          -> No se recibieron más datos de la máquina. Máquina apagada o desconectada. Último dato recibido: 2025-09-10 15:26:57.769439. 
2025-09-10 15:30:57.774952 -> Error: USB_MUTE          -> No se recibieron más datos de la máquina. Máquina apagada o desconectada. Último dato recibido: 2025-09-10 15:29:57.774127. 
2025-09-10 15:31:57.776117 -> Error: USB_MUTE          -> No se recibieron más datos de la máquina. Máquina apagada o desconectada. Último dato recibido: 2025-09-10 15:30:57.826232. 
2025-09-10 15:32:57.768798 -> Error: USB_MUTE          -> No se recibieron más datos de la máquina. Máquina apagada o desconectada. Último dato recibido: 2025-09-10 15:31:57.791811. 
2025-09-10 16:21:57.896203 -> Error: USB_MUTE          -> No se recibieron más datos de la máquina. Máquina apagada o desconectada. Último dato recibido: 2025-09-10 16:20:57.888180. 
2025-09-10 16:23:57.900152 -> Error: USB_MUTE          -> No se recibieron más datos de la máquina. Máquina apagada o desconectada. Último dato recibido: 2025-09-10 16:22:57.896818. 
2025-09-10 16:24:57.890845 -> Error: USB_MUTE          -> No se recibieron más datos de la máquina. Máquina apagada o desconectada. Último dato recibido: 2025-09-10 16:23:57.933334. 
2025-09-10 16:25:57.894992 -> Error: USB_MUTE          -> No se recibieron más datos de la máquina. Máquina apagada o desconectada. Último dato recibido: 2025-09-10 16:24:57.918649. 
2025-09-10 16:27:57.912483 -> Error: USB_MUTE          -> No se recibieron más datos de la máquina. Máquina apagada o desconectada. Último dato recibido: 2025-09-10 16:26:57.910084. 
2025-09-10 16:28:57.909504 -> Error: USB_MUTE          -> No se recibieron más datos de la máquina. Máquina apagada o desconectada. Último dato recibido: 2025-09-10 16:27:57.945824. 
2025-09-10 17:49:38.712235 -> Error: USB_CONN          -> No se pudo conectar con CH340 (Driver USB de la máquina). could not open port 'COM3': PermissionError(13, 'Acceso denegado.', None, 5)
2025-09-10 19:29:57.757205 -> Error: USB_MUTE          -> No se recibieron más datos de la máquina. Máquina apagada o desconectada. Último dato recibido: 2025-09-10 19:28:57.751331. 
2025-09-10 19:30:57.748495 -> Error: USB_MUTE          -> No se recibieron más datos de la máquina. Máquina apagada o desconectada. Último dato recibido: 2025-09-10 19:29:57.757205. 
2025-09-10 19:31:57.765229 -> Error: USB_MUTE          -> No se recibieron más datos de la máquina. Máquina apagada o desconectada. Último dato recibido: 2025-09-10 19:30:57.770667. 
2025-09-10 19:32:57.763716 -> Error: USB_MUTE          -> No se recibieron más datos de la máquina. Máquina apagada o desconectada. Último dato recibido: 2025-09-10 19:31:57.780006. 
2025-09-10 19:33:57.769332 -> Error: USB_MUTE          -> No se recibieron más datos de la máquina. Máquina apagada o desconectada. Último dato recibido: 2025-09-10 19:32:57.782774. 
2025-09-10 19:34:57.764774 -> Error: USB_MUTE          -> No se recibieron más datos de la máquina. Máquina apagada o desconectada. Último dato recibido: 2025-09-10 19:33:57.779364. 
2025-09-10 19:35:57.767362 -> Error: USB_MUTE          -> No se recibieron más datos de la máquina. Máquina apagada o desconectada. Último dato recibido: 2025-09-10 19:34:57.773791. 
2025-09-10 19:38:57.768224 -> Error: USB_MUTE          -> No se recibieron más datos de la máquina. Máquina apagada o desconectada. Último dato recibido: 2025-09-10 19:37:57.775359. 
2025-09-10 19:39:57.777104 -> Error: USB_MUTE          -> No se recibieron más datos de la máquina. Máquina apagada o desconectada. Último dato recibido: 2025-09-10 19:38:57.851819. 
2025-09-10 19:40:57.784601 -> Error: USB_MUTE          -> No se recibieron más datos de la máquina. Máquina apagada o desconectada. Último dato recibido: 2025-09-10 19:39:57.798295. 
2025-09-10 19:41:57.783916 -> Error: USB_MUTE          -> No se recibieron más datos de la máquina. Máquina apagada o desconectada. Último dato recibido: 2025-09-10 19:40:57.793109. 
2025-09-10 19:42:57.780145 -> Error: USB_MUTE          -> No se recibieron más datos de la máquina. Máquina apagada o desconectada. Último dato recibido: 2025-09-10 19:41:57.806643. 
2025-09-10 19:43:57.791017 -> Error: USB_MUTE          -> No se recibieron más datos de la máquina. Máquina apagada o desconectada. Último dato recibido: 2025-09-10 19:42:57.807323. 
2025-09-10 19:44:57.793613 -> Error: USB_MUTE          -> No se recibieron más datos de la máquina. Máquina apagada o desconectada. Último dato recibido: 2025-09-10 19:43:57.805615. 
2025-09-10 19:45:57.795753 -> Error: USB_MUTE          -> No se recibieron más datos de la máquina. Máquina apagada o desconectada. Último dato recibido: 2025-09-10 19:44:57.808202. 
2025-09-10 19:46:57.785703 -> Error: USB_MUTE          -> No se recibieron más datos de la máquina. Máquina apagada o desconectada. Último dato recibido: 2025-09-10 19:45:57.814920. 
2025-09-10 19:47:57.794497 -> Error: USB_MUTE          -> No se recibieron más datos de la máquina. Máquina apagada o desconectada. Último dato recibido: 2025-09-10 19:46:57.814797. 
2025-09-10 19:48:57.802367 -> Error: USB_MUTE          -> No se recibieron más datos de la máquina. Máquina apagada o desconectada. Último dato recibido: 2025-09-10 19:47:57.813191. 
2025-09-10 20:54:57.954924 -> Error: USB_MUTE          -> No se recibieron más datos de la máquina. Máquina apagada o desconectada. Último dato recibido: 2025-09-10 20:53:57.952814. 
2025-09-11 04:43:59.037868 -> Error: USB_MUTE          -> No se recibieron más datos de la máquina. Máquina apagada o desconectada. Último dato recibido: 2025-09-11 04:42:59.024223. 
2025-09-11 04:44:59.040428 -> Error: USB_MUTE          -> No se recibieron más datos de la máquina. Máquina apagada o desconectada. Último dato recibido: 2025-09-11 04:43:59.116084. 
2025-09-11 04:45:59.042081 -> Error: USB_MUTE          -> No se recibieron más datos de la máquina. Máquina apagada o desconectada. Último dato recibido: 2025-09-11 04:44:59.049436. 
2025-09-11 04:46:59.047019 -> Error: USB_MUTE          -> No se recibieron más datos de la máquina. Máquina apagada o desconectada. Último dato recibido: 2025-09-11 04:45:59.057657. 
2025-09-11 04:47:59.044458 -> Error: USB_MUTE          -> No se recibieron más datos de la máquina. Máquina apagada o desconectada. Último dato recibido: 2025-09-11 04:46:59.067115. 
2025-09-11 06:41:59.304847 -> Error: USB_MUTE          -> No se recibieron más datos de la máquina. Máquina apagada o desconectada. Último dato recibido: 2025-09-11 06:40:59.308787. 
2025-09-11 06:42:59.308431 -> Error: USB_MUTE          -> No se recibieron más datos de la máquina. Máquina apagada o desconectada. Último dato recibido: 2025-09-11 06:41:59.521165. 
2025-09-11 06:43:59.307792 -> Error: USB_MUTE          -> No se recibieron más datos de la máquina. Máquina apagada o desconectada. Último dato recibido: 2025-09-11 06:42:59.341579. 
2025-09-11 10:09:59.791310 -> Error: USB_MUTE          -> No se recibieron más datos de la máquina. Máquina apagada o desconectada. Último dato recibido: 2025-09-11 10:08:59.791441. 
2025-09-11 10:10:59.795311 -> Error: USB_MUTE          -> No se recibieron más datos de la máquina. Máquina apagada o desconectada. Último dato recibido: 2025-09-11 10:09:59.863773. 
2025-09-11 10:11:59.794776 -> Error: USB_MUTE          -> No se recibieron más datos de la máquina. Máquina apagada o desconectada. Último dato recibido: 2025-09-11 10:10:59.819562. 
2025-09-11 10:12:59.792042 -> Error: USB_MUTE          -> No se recibieron más datos de la máquina. Máquina apagada o desconectada. Último dato recibido: 2025-09-11 10:11:59.814443. 
2025-09-11 10:13:59.798233 -> Error: USB_MUTE          -> No se recibieron más datos de la máquina. Máquina apagada o desconectada. Último dato recibido: 2025-09-11 10:12:59.824887. 
2025-09-11 10:14:59.799478 -> Error: USB_MUTE          -> No se recibieron más datos de la máquina. Máquina apagada o desconectada. Último dato recibido: 2025-09-11 10:13:59.825940. 
2025-09-11 10:15:59.802726 -> Error: USB_MUTE          -> No se recibieron más datos de la máquina. Máquina apagada o desconectada. Último dato recibido: 2025-09-11 10:14:59.829720. 
2025-09-11 11:26:59.961074 -> Error: USB_MUTE          -> No se recibieron más datos de la máquina. Máquina apagada o desconectada. Último dato recibido: 2025-09-11 11:25:59.962874. 
2025-09-11 11:27:59.972720 -> Error: USB_MUTE          -> No se recibieron más datos de la máquina. Máquina apagada o desconectada. Último dato recibido: 2025-09-11 11:27:00.021932. 
2025-09-11 11:28:59.972101 -> Error: USB_MUTE          -> No se recibieron más datos de la máquina. Máquina apagada o desconectada. Último dato recibido: 2025-09-11 11:27:59.995364. 
2025-09-11 11:29:59.980535 -> Error: USB_MUTE          -> No se recibieron más datos de la máquina. Máquina apagada o desconectada. Último dato recibido: 2025-09-11 11:28:59.989336. 
2025-09-11 11:30:59.975707 -> Error: USB_MUTE          -> No se recibieron más datos de la máquina. Máquina apagada o desconectada. Último dato recibido: 2025-09-11 11:30:00.039592. 
2025-09-11 11:31:59.981034 -> Error: USB_MUTE          -> No se recibieron más datos de la máquina. Máquina apagada o desconectada. Último dato recibido: 2025-09-11 11:31:00.004874. 
2025-09-11 11:32:59.978670 -> Error: USB_MUTE          -> No se recibieron más datos de la máquina. Máquina apagada o desconectada. Último dato recibido: 2025-09-11 11:32:00.005681. 
2025-09-11 11:33:59.987201 -> Error: USB_MUTE          -> No se recibieron más datos de la máquina. Máquina apagada o desconectada. Último dato recibido: 2025-09-11 11:33:00.004423. 
2025-09-12 05:56:00.660896 -> Error: USB_MUTE          -> No se recibieron más datos de la máquina. Máquina apagada o desconectada. Último dato recibido: 2025-09-12 05:55:00.660282. 
2025-09-12 05:56:00.740731 -> Error: USB_MUTE          -> No se recibieron más datos de la máquina. Máquina apagada o desconectada. Último dato recibido: 2025-09-12 05:56:00.740731. 
2025-09-12 05:57:00.661542 -> Error: USB_MUTE          -> No se recibieron más datos de la máquina. Máquina apagada o desconectada. Último dato recibido: 2025-09-12 05:56:00.751759. 
2025-09-12 05:58:00.663135 -> Error: USB_MUTE          -> No se recibieron más datos de la máquina. Máquina apagada o desconectada. Último dato recibido: 2025-09-12 05:57:00.684743. 
2025-09-12 05:59:00.670387 -> Error: USB_MUTE          -> No se recibieron más datos de la máquina. Máquina apagada o desconectada. Último dato recibido: 2025-09-12 05:58:00.695301. 
2025-09-12 06:00:00.673185 -> Error: USB_MUTE          -> No se recibieron más datos de la máquina. Máquina apagada o desconectada. Último dato recibido: 2025-09-12 05:59:00.688192. 
2025-09-12 06:01:00.667984 -> Error: USB_MUTE          -> No se recibieron más datos de la máquina. Máquina apagada o desconectada. Último dato recibido: 2025-09-12 06:00:00.690831. 
2025-09-12 06:02:00.678208 -> Error: USB_MUTE          -> No se recibieron más datos de la máquina. Máquina apagada o desconectada. Último dato recibido: 2025-09-12 06:01:00.692198. 
2025-09-12 06:03:00.681177 -> Error: USB_MUTE          -> No se recibieron más datos de la máquina. Máquina apagada o desconectada. Último dato recibido: 2025-09-12 06:02:00.696454. 
2025-09-12 06:04:00.681076 -> Error: USB_MUTE          -> No se recibieron más datos de la máquina. Máquina apagada o desconectada. Último dato recibido: 2025-09-12 06:03:00.690370. 
2025-09-12 06:05:00.675218 -> Error: USB_MUTE          -> No se recibieron más datos de la máquina. Máquina apagada o desconectada. Último dato recibido: 2025-09-12 06:04:00.694116. 
2025-09-12 06:06:00.681317 -> Error: USB_MUTE          -> No se recibieron más datos de la máquina. Máquina apagada o desconectada. Último dato recibido: 2025-09-12 06:05:00.702366. 
2025-09-12 06:07:00.686727 -> Error: USB_MUTE          -> No se recibieron más datos de la máquina. Máquina apagada o desconectada. Último dato recibido: 2025-09-12 06:06:00.695859. 
2025-09-12 06:08:00.687825 -> Error: USB_MUTE          -> No se recibieron más datos de la máquina. Máquina apagada o desconectada. Último dato recibido: 2025-09-12 06:07:00.707972. 
2025-09-12 06:09:00.685487 -> Error: USB_MUTE          -> No se recibieron más datos de la máquina. Máquina apagada o desconectada. Último dato recibido: 2025-09-12 06:08:00.705374. 
2025-09-12 06:10:00.685426 -> Error: USB_MUTE          -> No se recibieron más datos de la máquina. Máquina apagada o desconectada. Último dato recibido: 2025-09-12 06:09:00.712165. 
2025-09-12 06:12:00.692324 -> Error: USB_MUTE          -> No se recibieron más datos de la máquina. Máquina apagada o desconectada. Último dato recibido: 2025-09-12 06:11:00.699711. 
2025-09-12 06:12:00.738645 -> Error: USB_MUTE          -> No se recibieron más datos de la máquina. Máquina apagada o desconectada. Último dato recibido: 2025-09-12 06:12:00.738645. 
2025-09-12 06:19:00.710139 -> Error: USB_MUTE          -> No se recibieron más datos de la máquina. Máquina apagada o desconectada. Último dato recibido: 2025-09-12 06:18:00.708014. 
2025-09-12 06:20:00.719961 -> Error: USB_MUTE          -> No se recibieron más datos de la máquina. Máquina apagada o desconectada. Último dato recibido: 2025-09-12 06:19:00.795148. 
2025-09-12 06:21:00.715282 -> Error: USB_MUTE          -> No se recibieron más datos de la máquina. Máquina apagada o desconectada. Último dato recibido: 2025-09-12 06:20:00.729970. 
2025-09-12 06:22:00.713693 -> Error: USB_MUTE          -> No se recibieron más datos de la máquina. Máquina apagada o desconectada. Último dato recibido: 2025-09-12 06:21:00.730322. 
2025-09-12 07:08:00.826591 -> Error: USB_MUTE          -> No se recibieron más datos de la máquina. Máquina apagada o desconectada. Último dato recibido: 2025-09-12 07:07:00.824828. 
2025-09-12 07:09:00.832028 -> Error: USB_MUTE          -> No se recibieron más datos de la máquina. Máquina apagada o desconectada. Último dato recibido: 2025-09-12 07:08:00.903010. 
2025-09-12 07:10:00.832579 -> Error: USB_MUTE          -> No se recibieron más datos de la máquina. Máquina apagada o desconectada. Último dato recibido: 2025-09-12 07:09:00.854193. 
2025-09-12 07:11:00.837776 -> Error: USB_MUTE          -> No se recibieron más datos de la máquina. Máquina apagada o desconectada. Último dato recibido: 2025-09-12 07:10:00.848219. 
2025-09-12 07:12:00.839707 -> Error: USB_MUTE          -> No se recibieron más datos de la máquina. Máquina apagada o desconectada. Último dato recibido: 2025-09-12 07:11:00.858731. 
2025-09-12 09:11:01.114069 -> Error: USB_MUTE          -> No se recibieron más datos de la máquina. Máquina apagada o desconectada. Último dato recibido: 2025-09-12 09:10:01.113075. 
2025-09-12 09:12:01.117240 -> Error: USB_MUTE          -> No se recibieron más datos de la máquina. Máquina apagada o desconectada. Último dato recibido: 2025-09-12 09:11:01.326089. 
2025-09-12 10:51:01.345479 -> Error: USB_MUTE          -> No se recibieron más datos de la máquina. Máquina apagada o desconectada. Último dato recibido: 2025-09-12 10:50:01.343485. 
2025-09-12 10:52:01.347473 -> Error: USB_MUTE          -> No se recibieron más datos de la máquina. Máquina apagada o desconectada. Último dato recibido: 2025-09-12 10:51:01.490499. 
2025-09-12 10:53:01.349468 -> Error: USB_MUTE          -> No se recibieron más datos de la máquina. Máquina apagada o desconectada. Último dato recibido: 2025-09-12 10:52:01.373473. 
2025-09-12 11:08:01.384379 -> Error: USB_MUTE          -> No se recibieron más datos de la máquina. Máquina apagada o desconectada. Último dato recibido: 2025-09-12 11:07:01.383385. 
2025-09-12 11:09:01.386358 -> Error: USB_MUTE          -> No se recibieron más datos de la máquina. Máquina apagada o desconectada. Último dato recibido: 2025-09-12 11:08:01.393393. 
2025-09-12 11:10:01.389287 -> Error: USB_MUTE          -> No se recibieron más datos de la máquina. Máquina apagada o desconectada. Último dato recibido: 2025-09-12 11:09:01.410392. 
2025-09-12 11:20:01.412308 -> Error: USB_MUTE          -> No se recibieron más datos de la máquina. Máquina apagada o desconectada. Último dato recibido: 2025-09-12 11:19:01.410314. 
2025-09-12 11:21:01.414598 -> Error: USB_MUTE          -> No se recibieron más datos de la máquina. Máquina apagada o desconectada. Último dato recibido: 2025-09-12 11:20:01.421308. 
2025-09-12 11:22:01.416297 -> Error: USB_MUTE          -> No se recibieron más datos de la máquina. Máquina apagada o desconectada. Último dato recibido: 2025-09-12 11:21:01.438302. 
2025-09-12 11:23:01.419291 -> Error: USB_MUTE          -> No se recibieron más datos de la máquina. Máquina apagada o desconectada. Último dato recibido: 2025-09-12 11:22:01.439297. 
2025-09-12 11:24:01.421285 -> Error: USB_MUTE          -> No se recibieron más datos de la máquina. Máquina apagada o desconectada. Último dato recibido: 2025-09-12 11:23:01.444309. 
2025-09-12 11:25:01.423280 -> Error: USB_MUTE          -> No se recibieron más datos de la máquina. Máquina apagada o desconectada. Último dato recibido: 2025-09-12 11:24:01.444285. 
2025-09-12 11:26:01.426273 -> Error: USB_MUTE          -> No se recibieron más datos de la máquina. Máquina apagada o desconectada. Último dato recibido: 2025-09-12 11:25:01.446279. 
2025-09-12 11:27:01.428267 -> Error: USB_MUTE          -> No se recibieron más datos de la máquina. Máquina apagada o desconectada. Último dato recibido: 2025-09-12 11:26:01.448273. 
2025-09-12 11:28:01.430261 -> Error: USB_MUTE          -> No se recibieron más datos de la máquina. Máquina apagada o desconectada. Último dato recibido: 2025-09-12 11:27:01.451267. 
2025-09-12 11:31:01.437244 -> Error: USB_MUTE          -> No se recibieron más datos de la máquina. Máquina apagada o desconectada. Último dato recibido: 2025-09-12 11:30:01.436249. 
2025-09-12 11:32:01.439238 -> Error: USB_MUTE          -> No se recibieron más datos de la máquina. Máquina apagada o desconectada. Último dato recibido: 2025-09-12 11:31:01.533253. 
2025-09-12 11:33:01.442232 -> Error: USB_MUTE          -> No se recibieron más datos de la máquina. Máquina apagada o desconectada. Último dato recibido: 2025-09-12 11:32:01.463238. 
2025-09-12 11:34:01.444226 -> Error: USB_MUTE          -> No se recibieron más datos de la máquina. Máquina apagada o desconectada. Último dato recibido: 2025-09-12 11:33:01.461197. 
2025-09-12 11:35:01.446714 -> Error: USB_MUTE          -> No se recibieron más datos de la máquina. Máquina apagada o desconectada. Último dato recibido: 2025-09-12 11:34:01.466226. 
2025-09-12 11:36:01.449214 -> Error: USB_MUTE          -> No se recibieron más datos de la máquina. Máquina apagada o desconectada. Último dato recibido: 2025-09-12 11:35:01.470220. 
2025-09-12 11:37:01.451208 -> Error: USB_MUTE          -> No se recibieron más datos de la máquina. Máquina apagada o desconectada. Último dato recibido: 2025-09-12 11:36:01.472214. 
2025-09-12 11:38:01.453079 -> Error: USB_MUTE          -> No se recibieron más datos de la máquina. Máquina apagada o desconectada. Último dato recibido: 2025-09-12 11:37:01.473424. 
2025-09-12 11:39:01.456196 -> Error: USB_MUTE          -> No se recibieron más datos de la máquina. Máquina apagada o desconectada. Último dato recibido: 2025-09-12 11:38:01.477202. 
2025-09-12 11:40:01.458353 -> Error: USB_MUTE          -> No se recibieron más datos de la máquina. Máquina apagada o desconectada. Último dato recibido: 2025-09-12 11:39:01.480197. 
2025-09-12 12:42:01.600825 -> Error: USB_MUTE          -> No se recibieron más datos de la máquina. Máquina apagada o desconectada. Último dato recibido: 2025-09-12 12:41:01.599831. 
2025-09-12 12:43:01.602819 -> Error: USB_MUTE          -> No se recibieron más datos de la máquina. Máquina apagada o desconectada. Último dato recibido: 2025-09-12 12:42:01.676844. 
2025-09-12 12:45:01.607807 -> Error: USB_MUTE          -> No se recibieron más datos de la máquina. Máquina apagada o desconectada. Último dato recibido: 2025-09-12 12:44:01.605813. 
2025-09-12 12:46:01.609802 -> Error: USB_MUTE          -> No se recibieron más datos de la máquina. Máquina apagada o desconectada. Último dato recibido: 2025-09-12 12:45:01.688182. 
2025-09-12 12:47:01.611796 -> Error: USB_MUTE          -> No se recibieron más datos de la máquina. Máquina apagada o desconectada. Último dato recibido: 2025-09-12 12:46:01.631820. 
2025-09-12 12:48:01.614790 -> Error: USB_MUTE          -> No se recibieron más datos de la máquina. Máquina apagada o desconectada. Último dato recibido: 2025-09-12 12:47:01.634796. 
2025-09-12 12:49:01.616255 -> Error: USB_MUTE          -> No se recibieron más datos de la máquina. Máquina apagada o desconectada. Último dato recibido: 2025-09-12 12:48:01.637691. 
2025-09-12 12:50:01.618778 -> Error: USB_MUTE          -> No se recibieron más datos de la máquina. Máquina apagada o desconectada. Último dato recibido: 2025-09-12 12:49:01.638802. 
2025-09-12 12:51:01.621772 -> Error: USB_MUTE          -> No se recibieron más datos de la máquina. Máquina apagada o desconectada. Último dato recibido: 2025-09-12 12:50:01.641797. 
2025-09-12 12:52:01.623766 -> Error: USB_MUTE          -> No se recibieron más datos de la máquina. Máquina apagada o desconectada. Último dato recibido: 2025-09-12 12:51:01.645772. 
2025-09-12 12:53:01.625760 -> Error: USB_MUTE          -> No se recibieron más datos de la máquina. Máquina apagada o desconectada. Último dato recibido: 2025-09-12 12:52:01.641785. 
2025-09-12 12:54:01.628214 -> Error: USB_MUTE          -> No se recibieron más datos de la máquina. Máquina apagada o desconectada. Último dato recibido: 2025-09-12 12:53:01.647760. 
2025-09-12 14:25:01.837218 -> Error: USB_MUTE          -> No se recibieron más datos de la máquina. Máquina apagada o desconectada. Último dato recibido: 2025-09-12 14:24:01.836242. 
2025-09-12 14:26:01.840212 -> Error: USB_MUTE          -> No se recibieron más datos de la máquina. Máquina apagada o desconectada. Último dato recibido: 2025-09-12 14:25:01.903218. 
2025-09-12 14:27:01.842206 -> Error: USB_MUTE          -> No se recibieron más datos de la máquina. Máquina apagada o desconectada. Último dato recibido: 2025-09-12 14:26:01.865212. 
2025-09-12 14:28:01.844200 -> Error: USB_MUTE          -> No se recibieron más datos de la máquina. Máquina apagada o desconectada. Último dato recibido: 2025-09-12 14:27:01.864206. 
2025-09-12 14:29:01.847195 -> Error: USB_MUTE          -> No se recibieron más datos de la máquina. Máquina apagada o desconectada. Último dato recibido: 2025-09-12 14:28:01.864200. 
2025-09-12 14:30:01.849189 -> Error: USB_MUTE          -> No se recibieron más datos de la máquina. Máquina apagada o desconectada. Último dato recibido: 2025-09-12 14:29:01.867195. 
2025-09-12 14:31:01.851183 -> Error: USB_MUTE          -> No se recibieron más datos de la máquina. Máquina apagada o desconectada. Último dato recibido: 2025-09-12 14:30:01.880189. 
2025-09-12 14:32:01.853177 -> Error: USB_MUTE          -> No se recibieron más datos de la máquina. Máquina apagada o desconectada. Último dato recibido: 2025-09-12 14:31:01.876138. 
2025-09-12 14:33:01.856171 -> Error: USB_MUTE          -> No se recibieron más datos de la máquina. Máquina apagada o desconectada. Último dato recibido: 2025-09-12 14:32:01.883177. 
2025-09-12 14:34:01.858165 -> Error: USB_MUTE          -> No se recibieron más datos de la máquina. Máquina apagada o desconectada. Último dato recibido: 2025-09-12 14:33:01.881171. 
2025-09-12 14:35:01.860159 -> Error: USB_MUTE          -> No se recibieron más datos de la máquina. Máquina apagada o desconectada. Último dato recibido: 2025-09-12 14:34:01.885165. 
2025-09-12 14:36:01.863153 -> Error: USB_MUTE          -> No se recibieron más datos de la máquina. Máquina apagada o desconectada. Último dato recibido: 2025-09-12 14:35:01.887159. 
2025-09-12 14:37:01.865147 -> Error: USB_MUTE          -> No se recibieron más datos de la máquina. Máquina apagada o desconectada. Último dato recibido: 2025-09-12 14:36:01.888090. 
2025-09-12 14:37:01.894147 -> Error: USB_MUTE          -> No se recibieron más datos de la máquina. Máquina apagada o desconectada. Último dato recibido: 2025-09-12 14:37:01.886162. 
2025-09-12 14:38:01.867141 -> Error: USB_MUTE          -> No se recibieron más datos de la máquina. Máquina apagada o desconectada. Último dato recibido: 2025-09-12 14:37:01.903147. 
2025-09-12 14:40:01.872130 -> Error: USB_MUTE          -> No se recibieron más datos de la máquina. Máquina apagada o desconectada. Último dato recibido: 2025-09-12 14:39:01.871135. 
2025-09-12 14:41:01.873717 -> Error: USB_MUTE          -> No se recibieron más datos de la máquina. Máquina apagada o desconectada. Último dato recibido: 2025-09-12 14:40:01.977149. 
2025-09-12 14:42:01.876118 -> Error: USB_MUTE          -> No se recibieron más datos de la máquina. Máquina apagada o desconectada. Último dato recibido: 2025-09-12 14:41:01.898124. 
2025-09-12 14:43:58.910318 -> Error: USB_MUTE          -> No se recibieron más datos de la máquina. Máquina apagada o desconectada. Último dato recibido: 2025-09-12 14:42:58.916489. 
2025-09-12 14:45:58.924364 -> Error: USB_MUTE          -> No se recibieron más datos de la máquina. Máquina apagada o desconectada. Último dato recibido: 2025-09-12 14:44:58.914025. 
2025-09-12 14:46:58.925626 -> Error: USB_MUTE          -> No se recibieron más datos de la máquina. Máquina apagada o desconectada. Último dato recibido: 2025-09-12 14:45:59.152861. 
2025-09-12 14:47:58.924571 -> Error: USB_MUTE          -> No se recibieron más datos de la máquina. Máquina apagada o desconectada. Último dato recibido: 2025-09-12 14:46:58.959074. 
2025-09-12 14:55:58.937110 -> Error: USB_MUTE          -> No se recibieron más datos de la máquina. Máquina apagada o desconectada. Último dato recibido: 2025-09-12 14:54:58.947131. 
2025-09-13 00:28:00.277476 -> Error: USB_MUTE          -> No se recibieron más datos de la máquina. Máquina apagada o desconectada. Último dato recibido: 2025-09-13 00:27:00.269015. 
2025-09-13 00:28:00.384051 -> Error: USB_MUTE          -> No se recibieron más datos de la máquina. Máquina apagada o desconectada. Último dato recibido: 2025-09-13 00:28:00.377990. 
2025-09-13 00:28:00.384051 -> Error: USB_MUTE          -> No se recibieron más datos de la máquina. Máquina apagada o desconectada. Último dato recibido: 2025-09-13 00:28:00.384051. 
2025-09-13 00:28:00.401171 -> Error: USB_MUTE          -> No se recibieron más datos de la máquina. Máquina apagada o desconectada. Último dato recibido: 2025-09-13 00:28:00.384051. 
2025-09-13 00:28:00.414178 -> Error: USB_MUTE          -> No se recibieron más datos de la máquina. Máquina apagada o desconectada. Último dato recibido: 2025-09-13 00:28:00.401171. 
2025-09-13 00:28:00.414178 -> Error: USB_MUTE          -> No se recibieron más datos de la máquina. Máquina apagada o desconectada. Último dato recibido: 2025-09-13 00:28:00.414178. 
2025-09-13 00:29:00.271959 -> Error: USB_MUTE          -> No se recibieron más datos de la máquina. Máquina apagada o desconectada. Último dato recibido: 2025-09-13 00:28:00.414178. 
2025-09-13 00:29:00.289230 -> Error: USB_MUTE          -> No se recibieron más datos de la máquina. Máquina apagada o desconectada. Último dato recibido: 2025-09-13 00:29:00.271959. 
2025-09-13 00:29:00.289230 -> Error: USB_MUTE          -> No se recibieron más datos de la máquina. Máquina apagada o desconectada. Último dato recibido: 2025-09-13 00:29:00.289230. 
2025-09-13 00:29:00.304876 -> Error: USB_MUTE          -> No se recibieron más datos de la máquina. Máquina apagada o desconectada. Último dato recibido: 2025-09-13 00:29:00.289230. 
2025-09-13 00:29:00.316933 -> Error: USB_MUTE          -> No se recibieron más datos de la máquina. Máquina apagada o desconectada. Último dato recibido: 2025-09-13 00:29:00.304876. 
2025-09-13 08:49:30.848663 -> Error: USB_CONN          -> No se pudo conectar con CH340 (Driver USB de la máquina). could not open port 'COM3': PermissionError(13, 'Acceso denegado.', None, 5)
2025-09-13 08:56:59.361001 -> Error: USB_CONN          -> No se pudo conectar con CH340 (Driver USB de la máquina). could not open port 'COM3': PermissionError(13, 'Acceso denegado.', None, 5)
2025-09-13 16:59:44.217359 -> Error: USB_CONN          -> No se pudo conectar con CH340 (Driver USB de la máquina). could not open port 'COM3': PermissionError(13, 'Acceso denegado.', None, 5)
2025-09-15 08:38:10.807437 -> Error: USB_MUTE          -> No se recibieron más datos de la máquina. Máquina apagada o desconectada. Último dato recibido: 2025-09-15 08:37:10.802622. 
2025-09-15 08:39:10.803766 -> Error: USB_MUTE          -> No se recibieron más datos de la máquina. Máquina apagada o desconectada. Último dato recibido: 2025-09-15 08:38:10.942734. 
2025-09-15 08:40:10.809885 -> Error: USB_MUTE          -> No se recibieron más datos de la máquina. Máquina apagada o desconectada. Último dato recibido: 2025-09-15 08:39:10.834049. 
2025-09-15 08:44:10.821992 -> Error: USB_MUTE          -> No se recibieron más datos de la máquina. Máquina apagada o desconectada. Último dato recibido: 2025-09-15 08:43:10.811749. 
2025-09-15 08:45:10.817568 -> Error: USB_MUTE          -> No se recibieron más datos de la máquina. Máquina apagada o desconectada. Último dato recibido: 2025-09-15 08:44:10.974435. 
2025-09-15 08:46:10.819389 -> Error: USB_MUTE          -> No se recibieron más datos de la máquina. Máquina apagada o desconectada. Último dato recibido: 2025-09-15 08:45:10.847875. 
2025-09-15 08:59:10.855894 -> Error: USB_MUTE          -> No se recibieron más datos de la máquina. Máquina apagada o desconectada. Último dato recibido: 2025-09-15 08:58:10.846550. 
2025-09-15 09:08:10.874619 -> Error: USB_MUTE          -> No se recibieron más datos de la máquina. Máquina apagada o desconectada. Último dato recibido: 2025-09-15 09:07:10.868309. 
2025-09-16 22:41:10.102796 -> Error: USB_MUTE          -> No se recibieron más datos de la máquina. Máquina apagada o desconectada. Último dato recibido: 2025-09-16 22:40:10.107418. 
2025-09-16 22:42:10.110376 -> Error: USB_MUTE          -> No se recibieron más datos de la máquina. Máquina apagada o desconectada. Último dato recibido: 2025-09-16 22:41:10.251698. 
2025-09-16 22:43:10.113956 -> Error: USB_MUTE          -> No se recibieron más datos de la máquina. Máquina apagada o desconectada. Último dato recibido: 2025-09-16 22:42:10.125937. 
2025-09-16 23:33:10.223091 -> Error: USB_MUTE          -> No se recibieron más datos de la máquina. Máquina apagada o desconectada. Último dato recibido: 2025-09-16 23:32:10.231227. 
2025-09-16 23:34:10.228368 -> Error: USB_MUTE          -> No se recibieron más datos de la máquina. Máquina apagada o desconectada. Último dato recibido: 2025-09-16 23:33:10.239814. 
2025-09-16 23:35:10.234093 -> Error: USB_MUTE          -> No se recibieron más datos de la máquina. Máquina apagada o desconectada. Último dato recibido: 2025-09-16 23:34:10.261654. 
2025-09-16 23:36:10.238028 -> Error: USB_MUTE          -> No se recibieron más datos de la máquina. Máquina apagada o desconectada. Último dato recibido: 2025-09-16 23:35:10.251684. 
2025-09-16 23:38:10.239344 -> Error: USB_MUTE          -> No se recibieron más datos de la máquina. Máquina apagada o desconectada. Último dato recibido: 2025-09-16 23:37:10.241522. 
2025-09-16 23:39:10.241263 -> Error: USB_MUTE          -> No se recibieron más datos de la máquina. Máquina apagada o desconectada. Último dato recibido: 2025-09-16 23:38:10.349117. 
2025-09-16 23:40:10.248478 -> Error: USB_MUTE          -> No se recibieron más datos de la máquina. Máquina apagada o desconectada. Último dato recibido: 2025-09-16 23:39:10.273131. 
2025-09-16 23:41:10.240507 -> Error: USB_MUTE          -> No se recibieron más datos de la máquina. Máquina apagada o desconectada. Último dato recibido: 2025-09-16 23:40:10.273246. 
2025-09-16 23:42:10.240599 -> Error: USB_MUTE          -> No se recibieron más datos de la máquina. Máquina apagada o desconectada. Último dato recibido: 2025-09-16 23:41:10.270754. 
2025-09-16 23:51:10.273934 -> Error: USB_MUTE          -> No se recibieron más datos de la máquina. Máquina apagada o desconectada. Último dato recibido: 2025-09-16 23:50:10.266594. 
2025-09-16 23:52:10.277143 -> Error: USB_MUTE          -> No se recibieron más datos de la máquina. Máquina apagada o desconectada. Último dato recibido: 2025-09-16 23:51:10.414911. 
2025-09-16 23:55:10.284878 -> Error: USB_MUTE          -> No se recibieron más datos de la máquina. Máquina apagada o desconectada. Último dato recibido: 2025-09-16 23:54:10.274358. 
2025-09-16 23:56:10.283573 -> Error: USB_MUTE          -> No se recibieron más datos de la máquina. Máquina apagada o desconectada. Último dato recibido: 2025-09-16 23:55:10.412771. 
2025-09-17 00:23:10.341051 -> Error: USB_MUTE          -> No se recibieron más datos de la máquina. Máquina apagada o desconectada. Último dato recibido: 2025-09-17 00:22:10.336869. 
2025-09-17 00:24:10.342321 -> Error: USB_MUTE          -> No se recibieron más datos de la máquina. Máquina apagada o desconectada. Último dato recibido: 2025-09-17 00:23:10.453728. 
2025-09-17 00:25:10.353515 -> Error: USB_MUTE          -> No se recibieron más datos de la máquina. Máquina apagada o desconectada. Último dato recibido: 2025-09-17 00:24:10.375619. 
2025-09-17 00:26:10.360639 -> Error: USB_MUTE          -> No se recibieron más datos de la máquina. Máquina apagada o desconectada. Último dato recibido: 2025-09-17 00:25:10.376752. 
2025-09-17 00:27:10.351711 -> Error: USB_MUTE          -> No se recibieron más datos de la máquina. Máquina apagada o desconectada. Último dato recibido: 2025-09-17 00:26:10.385801. 
2025-09-17 00:28:10.364477 -> Error: USB_MUTE          -> No se recibieron más datos de la máquina. Máquina apagada o desconectada. Último dato recibido: 2025-09-17 00:27:10.385026. 
2025-09-17 00:29:10.367651 -> Error: USB_MUTE          -> No se recibieron más datos de la máquina. Máquina apagada o desconectada. Último dato recibido: 2025-09-17 00:28:10.378035. 
2025-09-17 00:30:10.367682 -> Error: USB_MUTE          -> No se recibieron más datos de la máquina. Máquina apagada o desconectada. Último dato recibido: 2025-09-17 00:29:10.392883. 
2025-09-17 00:31:10.366796 -> Error: USB_MUTE          -> No se recibieron más datos de la máquina. Máquina apagada o desconectada. Último dato recibido: 2025-09-17 00:30:10.392901. 
2025-09-17 00:32:10.366851 -> Error: USB_MUTE          -> No se recibieron más datos de la máquina. Máquina apagada o desconectada. Último dato recibido: 2025-09-17 00:31:10.384894. 
2025-09-17 00:33:10.369535 -> Error: USB_MUTE          -> No se recibieron más datos de la máquina. Máquina apagada o desconectada. Último dato recibido: 2025-09-17 00:32:10.396943. 
2025-09-17 00:34:10.365513 -> Error: USB_MUTE          -> No se recibieron más datos de la máquina. Máquina apagada o desconectada. Último dato recibido: 2025-09-17 00:33:10.402801. 
2025-09-17 00:35:10.368265 -> Error: USB_MUTE          -> No se recibieron más datos de la máquina. Máquina apagada o desconectada. Último dato recibido: 2025-09-17 00:34:10.398243. 
2025-09-17 00:36:10.383826 -> Error: USB_MUTE          -> No se recibieron más datos de la máquina. Máquina apagada o desconectada. Último dato recibido: 2025-09-17 00:35:10.399415. 
2025-09-17 00:37:10.386045 -> Error: USB_MUTE          -> No se recibieron más datos de la máquina. Máquina apagada o desconectada. Último dato recibido: 2025-09-17 00:36:10.406950. 
2025-09-17 00:38:10.389106 -> Error: USB_MUTE          -> No se recibieron más datos de la máquina. Máquina apagada o desconectada. Último dato recibido: 2025-09-17 00:37:10.404243. 
2025-09-17 00:39:10.377280 -> Error: USB_MUTE          -> No se recibieron más datos de la máquina. Máquina apagada o desconectada. Último dato recibido: 2025-09-17 00:38:10.405731. 
2025-09-17 00:40:10.386362 -> Error: USB_MUTE          -> No se recibieron más datos de la máquina. Máquina apagada o desconectada. Último dato recibido: 2025-09-17 00:39:10.410557. 
2025-09-17 00:41:10.386227 -> Error: USB_MUTE          -> No se recibieron más datos de la máquina. Máquina apagada o desconectada. Último dato recibido: 2025-09-17 00:40:10.416662. 
2025-09-17 00:42:10.398742 -> Error: USB_MUTE          -> No se recibieron más datos de la máquina. Máquina apagada o desconectada. Último dato recibido: 2025-09-17 00:41:10.419625. 
2025-09-17 00:43:10.388757 -> Error: USB_MUTE          -> No se recibieron más datos de la máquina. Máquina apagada o desconectada. Último dato recibido: 2025-09-17 00:42:10.419877. 
2025-09-17 00:44:10.398377 -> Error: USB_MUTE          -> No se recibieron más datos de la máquina. Máquina apagada o desconectada. Último dato recibido: 2025-09-17 00:43:10.422015. 
2025-09-17 00:45:10.396304 -> Error: USB_MUTE          -> No se recibieron más datos de la máquina. Máquina apagada o desconectada. Último dato recibido: 2025-09-17 00:44:10.427081. 
2025-09-17 00:46:10.398357 -> Error: USB_MUTE          -> No se recibieron más datos de la máquina. Máquina apagada o desconectada. Último dato recibido: 2025-09-17 00:45:10.429478. 
2025-09-17 00:47:10.399892 -> Error: USB_MUTE          -> No se recibieron más datos de la máquina. Máquina apagada o desconectada. Último dato recibido: 2025-09-17 00:46:10.428612. 
2025-09-17 00:48:10.410251 -> Error: USB_MUTE          -> No se recibieron más datos de la máquina. Máquina apagada o desconectada. Último dato recibido: 2025-09-17 00:47:10.429989. 
2025-09-17 00:49:10.401719 -> Error: USB_MUTE          -> No se recibieron más datos de la máquina. Máquina apagada o desconectada. Último dato recibido: 2025-09-17 00:48:10.440367. 
2025-09-17 01:00:10.436165 -> Error: USB_MUTE          -> No se recibieron más datos de la máquina. Máquina apagada o desconectada. Último dato recibido: 2025-09-17 00:59:10.431967. 
2025-09-17 01:02:10.441159 -> Error: USB_MUTE          -> No se recibieron más datos de la máquina. Máquina apagada o desconectada. Último dato recibido: 2025-09-17 01:01:10.439048. 
2025-09-17 01:06:10.455348 -> Error: USB_MUTE          -> No se recibieron más datos de la máquina. Máquina apagada o desconectada. Último dato recibido: 2025-09-17 01:05:10.452492. 
2025-09-17 01:07:10.452780 -> Error: USB_MUTE          -> No se recibieron más datos de la máquina. Máquina apagada o desconectada. Último dato recibido: 2025-09-17 01:06:10.610785. 
2025-09-17 01:08:10.459135 -> Error: USB_MUTE          -> No se recibieron más datos de la máquina. Máquina apagada o desconectada. Último dato recibido: 2025-09-17 01:07:10.478026. 
2025-09-17 01:09:10.462482 -> Error: USB_MUTE          -> No se recibieron más datos de la máquina. Máquina apagada o desconectada. Último dato recibido: 2025-09-17 01:08:10.483533. 
2025-09-17 01:10:10.458354 -> Error: USB_MUTE          -> No se recibieron más datos de la máquina. Máquina apagada o desconectada. Último dato recibido: 2025-09-17 01:09:10.479092. 
2025-09-17 01:13:10.468863 -> Error: USB_MUTE          -> No se recibieron más datos de la máquina. Máquina apagada o desconectada. Último dato recibido: 2025-09-17 01:12:10.469073. 
2025-09-17 01:14:10.474775 -> Error: USB_MUTE          -> No se recibieron más datos de la máquina. Máquina apagada o desconectada. Último dato recibido: 2025-09-17 01:13:10.604723. 
2025-09-17 01:15:10.475011 -> Error: USB_MUTE          -> No se recibieron más datos de la máquina. Máquina apagada o desconectada. Último dato recibido: 2025-09-17 01:14:10.496610. 
2025-09-17 01:16:10.477925 -> Error: USB_MUTE          -> No se recibieron más datos de la máquina. Máquina apagada o desconectada. Último dato recibido: 2025-09-17 01:15:10.498789. 
2025-09-17 01:22:10.489027 -> Error: USB_MUTE          -> No se recibieron más datos de la máquina. Máquina apagada o desconectada. Último dato recibido: 2025-09-17 01:21:10.489471. 
2025-09-17 01:23:10.481229 -> Error: USB_MUTE          -> No se recibieron más datos de la máquina. Máquina apagada o desconectada. Último dato recibido: 2025-09-17 01:22:10.574223. 
2025-09-17 01:24:10.493041 -> Error: USB_MUTE          -> No se recibieron más datos de la máquina. Máquina apagada o desconectada. Último dato recibido: 2025-09-17 01:23:10.514513. 
2025-09-17 01:25:10.492033 -> Error: USB_MUTE          -> No se recibieron más datos de la máquina. Máquina apagada o desconectada. Último dato recibido: 2025-09-17 01:24:10.524911. 
2025-09-17 02:36:10.668294 -> Error: USB_MUTE          -> No se recibieron más datos de la máquina. Máquina apagada o desconectada. Último dato recibido: 2025-09-17 02:35:10.656649. 
2025-09-17 02:37:10.665106 -> Error: USB_MUTE          -> No se recibieron más datos de la máquina. Máquina apagada o desconectada. Último dato recibido: 2025-09-17 02:36:10.751916. 
2025-09-17 02:38:10.670760 -> Error: USB_MUTE          -> No se recibieron más datos de la máquina. Máquina apagada o desconectada. Último dato recibido: 2025-09-17 02:37:10.698331. 
2025-09-17 02:39:10.665863 -> Error: USB_MUTE          -> No se recibieron más datos de la máquina. Máquina apagada o desconectada. Último dato recibido: 2025-09-17 02:38:10.696558. 
2025-09-17 02:40:10.677729 -> Error: USB_MUTE          -> No se recibieron más datos de la máquina. Máquina apagada o desconectada. Último dato recibido: 2025-09-17 02:39:10.699124. 
2025-09-17 02:41:10.675889 -> Error: USB_MUTE          -> No se recibieron más datos de la máquina. Máquina apagada o desconectada. Último dato recibido: 2025-09-17 02:40:10.695343. 
2025-09-17 02:42:10.674297 -> Error: USB_MUTE          -> No se recibieron más datos de la máquina. Máquina apagada o desconectada. Último dato recibido: 2025-09-17 02:41:10.705109. 
2025-09-17 02:43:10.687148 -> Error: USB_MUTE          -> No se recibieron más datos de la máquina. Máquina apagada o desconectada. Último dato recibido: 2025-09-17 02:42:10.708773. 
2025-09-17 02:44:10.688334 -> Error: USB_MUTE          -> No se recibieron más datos de la máquina. Máquina apagada o desconectada. Último dato recibido: 2025-09-17 02:43:10.700691. 
2025-09-17 02:45:10.687992 -> Error: USB_MUTE          -> No se recibieron más datos de la máquina. Máquina apagada o desconectada. Último dato recibido: 2025-09-17 02:44:10.703975. 
2025-09-17 02:46:10.683999 -> Error: USB_MUTE          -> No se recibieron más datos de la máquina. Máquina apagada o desconectada. Último dato recibido: 2025-09-17 02:45:10.712762. 
2025-09-17 02:47:10.689791 -> Error: USB_MUTE          -> No se recibieron más datos de la máquina. Máquina apagada o desconectada. Último dato recibido: 2025-09-17 02:46:10.714098. 
2025-09-17 02:48:10.694407 -> Error: USB_MUTE          -> No se recibieron más datos de la máquina. Máquina apagada o desconectada. Último dato recibido: 2025-09-17 02:47:10.720421. 
2025-09-17 02:49:10.699284 -> Error: USB_MUTE          -> No se recibieron más datos de la máquina. Máquina apagada o desconectada. Último dato recibido: 2025-09-17 02:48:10.724675. 
2025-09-17 02:50:10.700192 -> Error: USB_MUTE          -> No se recibieron más datos de la máquina. Máquina apagada o desconectada. Último dato recibido: 2025-09-17 02:49:10.721342. 
2025-09-17 02:51:10.700909 -> Error: USB_MUTE          -> No se recibieron más datos de la máquina. Máquina apagada o desconectada. Último dato recibido: 2025-09-17 02:50:10.721340. 
2025-09-17 02:52:10.697050 -> Error: USB_MUTE          -> No se recibieron más datos de la máquina. Máquina apagada o desconectada. Último dato recibido: 2025-09-17 02:51:10.719684. 
2025-09-17 02:53:10.701134 -> Error: USB_MUTE          -> No se recibieron más datos de la máquina. Máquina apagada o desconectada. Último dato recibido: 2025-09-17 02:52:10.730819. 
2025-09-17 02:54:10.706446 -> Error: USB_MUTE          -> No se recibieron más datos de la máquina. Máquina apagada o desconectada. Último dato recibido: 2025-09-17 02:53:10.734382. 
2025-09-17 02:55:10.712908 -> Error: USB_MUTE          -> No se recibieron más datos de la máquina. Máquina apagada o desconectada. Último dato recibido: 2025-09-17 02:54:10.739785. 
2025-09-17 02:56:10.705204 -> Error: USB_MUTE          -> No se recibieron más datos de la máquina. Máquina apagada o desconectada. Último dato recibido: 2025-09-17 02:55:10.729057. 
2025-09-17 02:57:10.708961 -> Error: USB_MUTE          -> No se recibieron más datos de la máquina. Máquina apagada o desconectada. Último dato recibido: 2025-09-17 02:56:10.738457. 
2025-09-17 03:34:10.803677 -> Error: USB_MUTE          -> No se recibieron más datos de la máquina. Máquina apagada o desconectada. Último dato recibido: 2025-09-17 03:33:10.800372. 
2025-09-17 03:35:10.799812 -> Error: USB_MUTE          -> No se recibieron más datos de la máquina. Máquina apagada o desconectada. Último dato recibido: 2025-09-17 03:34:10.920551. 
2025-09-17 03:36:10.809013 -> Error: USB_MUTE          -> No se recibieron más datos de la máquina. Máquina apagada o desconectada. Último dato recibido: 2025-09-17 03:35:10.833634. 
2025-09-17 03:38:10.817857 -> Error: USB_MUTE          -> No se recibieron más datos de la máquina. Máquina apagada o desconectada. Último dato recibido: 2025-09-17 03:37:10.812317. 
2025-09-17 03:39:10.820115 -> Error: USB_MUTE          -> No se recibieron más datos de la máquina. Máquina apagada o desconectada. Último dato recibido: 2025-09-17 03:38:10.924212. 
2025-09-17 03:40:10.818654 -> Error: USB_MUTE          -> No se recibieron más datos de la máquina. Máquina apagada o desconectada. Último dato recibido: 2025-09-17 03:39:10.837280. 
2025-09-17 03:41:10.825225 -> Error: USB_MUTE          -> No se recibieron más datos de la máquina. Máquina apagada o desconectada. Último dato recibido: 2025-09-17 03:40:10.835258. 
2025-09-17 03:42:10.826133 -> Error: USB_MUTE          -> No se recibieron más datos de la máquina. Máquina apagada o desconectada. Último dato recibido: 2025-09-17 03:41:10.844883. 
2025-09-17 03:43:10.823554 -> Error: USB_MUTE          -> No se recibieron más datos de la máquina. Máquina apagada o desconectada. Último dato recibido: 2025-09-17 03:42:10.853828. 
2025-09-17 03:44:10.829857 -> Error: USB_MUTE          -> No se recibieron más datos de la máquina. Máquina apagada o desconectada. Último dato recibido: 2025-09-17 03:43:10.853779. 
2025-09-17 03:45:10.834961 -> Error: USB_MUTE          -> No se recibieron más datos de la máquina. Máquina apagada o desconectada. Último dato recibido: 2025-09-17 03:44:10.850505. 
2025-09-17 03:46:10.826297 -> Error: USB_MUTE          -> No se recibieron más datos de la máquina. Máquina apagada o desconectada. Último dato recibido: 2025-09-17 03:45:10.856212. 
2025-09-17 03:47:10.834224 -> Error: USB_MUTE          -> No se recibieron más datos de la máquina. Máquina apagada o desconectada. Último dato recibido: 2025-09-17 03:46:10.849373. 
2025-09-17 03:48:10.841349 -> Error: USB_MUTE          -> No se recibieron más datos de la máquina. Máquina apagada o desconectada. Último dato recibido: 2025-09-17 03:47:10.850315. 
2025-09-17 03:49:10.837961 -> Error: USB_MUTE          -> No se recibieron más datos de la máquina. Máquina apagada o desconectada. Último dato recibido: 2025-09-17 03:48:10.865995. 
2025-09-17 03:50:10.840965 -> Error: USB_MUTE          -> No se recibieron más datos de la máquina. Máquina apagada o desconectada. Último dato recibido: 2025-09-17 03:49:10.868049. 
2025-09-17 03:51:10.843205 -> Error: USB_MUTE          -> No se recibieron más datos de la máquina. Máquina apagada o desconectada. Último dato recibido: 2025-09-17 03:50:10.866689. 
2025-09-17 03:52:10.850710 -> Error: USB_MUTE          -> No se recibieron más datos de la máquina. Máquina apagada o desconectada. Último dato recibido: 2025-09-17 03:51:10.860787. 
2025-09-17 03:53:10.854748 -> Error: USB_MUTE          -> No se recibieron más datos de la máquina. Máquina apagada o desconectada. Último dato recibido: 2025-09-17 03:52:10.867770. 
2025-09-17 03:54:10.856916 -> Error: USB_MUTE          -> No se recibieron más datos de la máquina. Máquina apagada o desconectada. Último dato recibido: 2025-09-17 03:53:10.879409. 
2025-09-17 06:09:11.173388 -> Error: USB_MUTE          -> No se recibieron más datos de la máquina. Máquina apagada o desconectada. Último dato recibido: 2025-09-17 06:08:11.172024. 
2025-09-17 06:10:11.177864 -> Error: USB_MUTE          -> No se recibieron más datos de la máquina. Máquina apagada o desconectada. Último dato recibido: 2025-09-17 06:09:11.173388. 
2025-09-17 06:19:11.197247 -> Error: USB_MUTE          -> No se recibieron más datos de la máquina. Máquina apagada o desconectada. Último dato recibido: 2025-09-17 06:18:11.196474. 
2025-09-18 08:29:12.298639 -> Error: USB_MUTE          -> No se recibieron más datos de la máquina. Máquina apagada o desconectada. Último dato recibido: 2025-09-18 08:28:12.288020. 
2025-09-18 08:30:12.286534 -> Error: USB_MUTE          -> No se recibieron más datos de la máquina. Máquina apagada o desconectada. Último dato recibido: 2025-09-18 08:29:12.298639. 
2025-09-18 08:31:12.295658 -> Error: USB_MUTE          -> No se recibieron más datos de la máquina. Máquina apagada o desconectada. Último dato recibido: 2025-09-18 08:30:12.320317. 
2025-09-18 08:32:12.305497 -> Error: USB_MUTE          -> No se recibieron más datos de la máquina. Máquina apagada o desconectada. Último dato recibido: 2025-09-18 08:31:12.314853. 
2025-09-18 08:33:12.304364 -> Error: USB_MUTE          -> No se recibieron más datos de la máquina. Máquina apagada o desconectada. Último dato recibido: 2025-09-18 08:32:12.321137. 
2025-09-18 08:34:12.304006 -> Error: USB_MUTE          -> No se recibieron más datos de la máquina. Máquina apagada o desconectada. Último dato recibido: 2025-09-18 08:33:12.319423. 
2025-09-18 08:35:12.311698 -> Error: USB_MUTE          -> No se recibieron más datos de la máquina. Máquina apagada o desconectada. Último dato recibido: 2025-09-18 08:34:12.334278. 
2025-09-18 09:06:12.374811 -> Error: USB_MUTE          -> No se recibieron más datos de la máquina. Máquina apagada o desconectada. Último dato recibido: 2025-09-18 09:05:12.384258. 
2025-09-18 09:07:12.388208 -> Error: USB_MUTE          -> No se recibieron más datos de la máquina. Máquina apagada o desconectada. Último dato recibido: 2025-09-18 09:06:12.474487. 
2025-09-18 09:08:12.379654 -> Error: USB_MUTE          -> No se recibieron más datos de la máquina. Máquina apagada o desconectada. Último dato recibido: 2025-09-18 09:07:12.405791. 
2025-09-18 09:08:12.409854 -> Error: USB_MUTE          -> No se recibieron más datos de la máquina. Máquina apagada o desconectada. Último dato recibido: 2025-09-18 09:08:12.409854. 
2025-09-18 09:09:12.384229 -> Error: USB_MUTE          -> No se recibieron más datos de la máquina. Máquina apagada o desconectada. Último dato recibido: 2025-09-18 09:08:12.425504. 
2025-09-18 09:10:12.393986 -> Error: USB_MUTE          -> No se recibieron más datos de la máquina. Máquina apagada o desconectada. Último dato recibido: 2025-09-18 09:09:12.417445. 
2025-09-18 23:59:11.872904 -> Error: USB_MUTE          -> No se recibieron más datos de la máquina. Máquina apagada o desconectada. Último dato recibido: 2025-09-18 23:58:11.866928. 
2025-09-19 00:00:11.869246 -> Error: USB_MUTE          -> No se recibieron más datos de la máquina. Máquina apagada o desconectada. Último dato recibido: 2025-09-18 23:59:12.056116. 
2025-09-19 00:01:11.870669 -> Error: USB_MUTE          -> No se recibieron más datos de la máquina. Máquina apagada o desconectada. Último dato recibido: 2025-09-19 00:00:11.902551. 
2025-09-19 00:02:11.872033 -> Error: USB_MUTE          -> No se recibieron más datos de la máquina. Máquina apagada o desconectada. Último dato recibido: 2025-09-19 00:01:11.903975. 
2025-09-19 00:03:11.888058 -> Error: USB_MUTE          -> No se recibieron más datos de la máquina. Máquina apagada o desconectada. Último dato recibido: 2025-09-19 00:02:11.902401. 
2025-09-19 00:04:11.885678 -> Error: USB_MUTE          -> No se recibieron más datos de la máquina. Máquina apagada o desconectada. Último dato recibido: 2025-09-19 00:03:11.906754. 
2025-09-19 00:05:11.888476 -> Error: USB_MUTE          -> No se recibieron más datos de la máquina. Máquina apagada o desconectada. Último dato recibido: 2025-09-19 00:04:11.899204. 
2025-09-19 00:06:11.886158 -> Error: USB_MUTE          -> No se recibieron más datos de la máquina. Máquina apagada o desconectada. Último dato recibido: 2025-09-19 00:05:11.913263. 
2025-09-19 00:07:11.887527 -> Error: USB_MUTE          -> No se recibieron más datos de la máquina. Máquina apagada o desconectada. Último dato recibido: 2025-09-19 00:06:11.905297. 
2025-09-19 00:08:11.884872 -> Error: USB_MUTE          -> No se recibieron más datos de la máquina. Máquina apagada o desconectada. Último dato recibido: 2025-09-19 00:07:11.915804. 
2025-09-19 09:57:13.333171 -> Error: USB_MUTE          -> No se recibieron más datos de la máquina. Máquina apagada o desconectada. Último dato recibido: 2025-09-19 09:56:13.324946. 
2025-09-19 21:05:12.208140 -> Error: USB_MUTE          -> No se recibieron más datos de la máquina. Máquina apagada o desconectada. Último dato recibido: 2025-09-19 21:04:12.208321. 
2025-09-19 23:47:12.583581 -> Error: USB_MUTE          -> No se recibieron más datos de la máquina. Máquina apagada o desconectada. Último dato recibido: 2025-09-19 23:46:12.582673. 
2025-09-20 00:37:12.711941 -> Error: USB_MUTE          -> No se recibieron más datos de la máquina. Máquina apagada o desconectada. Último dato recibido: 2025-09-20 00:36:12.706361. 
2025-09-20 00:39:12.711252 -> Error: USB_MUTE          -> No se recibieron más datos de la máquina. Máquina apagada o desconectada. Último dato recibido: 2025-09-20 00:38:12.707098. 
2025-09-20 00:40:12.715619 -> Error: USB_MUTE          -> No se recibieron más datos de la máquina. Máquina apagada o desconectada. Último dato recibido: 2025-09-20 00:39:12.831788. 
2025-09-20 00:49:12.733876 -> Error: USB_MUTE          -> No se recibieron más datos de la máquina. Máquina apagada o desconectada. Último dato recibido: 2025-09-20 00:48:12.733444. 
2025-09-20 00:50:12.734173 -> Error: USB_MUTE          -> No se recibieron más datos de la máquina. Máquina apagada o desconectada. Último dato recibido: 2025-09-20 00:49:12.930868. 
2025-09-20 00:51:12.737861 -> Error: USB_MUTE          -> No se recibieron más datos de la máquina. Máquina apagada o desconectada. Último dato recibido: 2025-09-20 00:50:12.764309. 
2025-09-20 00:52:12.737517 -> Error: USB_MUTE          -> No se recibieron más datos de la máquina. Máquina apagada o desconectada. Último dato recibido: 2025-09-20 00:51:12.771200. 
2025-09-20 00:53:12.748557 -> Error: USB_MUTE          -> No se recibieron más datos de la máquina. Máquina apagada o desconectada. Último dato recibido: 2025-09-20 00:52:12.767630. 
2025-09-20 00:54:12.752066 -> Error: USB_MUTE          -> No se recibieron más datos de la máquina. Máquina apagada o desconectada. Último dato recibido: 2025-09-20 00:53:12.775331. 
2025-09-20 00:55:12.756604 -> Error: USB_MUTE          -> No se recibieron más datos de la máquina. Máquina apagada o desconectada. Último dato recibido: 2025-09-20 00:54:12.777228. 
2025-09-20 00:56:12.753898 -> Error: USB_MUTE          -> No se recibieron más datos de la máquina. Máquina apagada o desconectada. Último dato recibido: 2025-09-20 00:55:12.774613. 
2025-09-20 00:57:12.761654 -> Error: USB_MUTE          -> No se recibieron más datos de la máquina. Máquina apagada o desconectada. Último dato recibido: 2025-09-20 00:56:12.784095. 
2025-09-20 00:58:12.751497 -> Error: USB_MUTE          -> No se recibieron más datos de la máquina. Máquina apagada o desconectada. Último dato recibido: 2025-09-20 00:57:12.784273. 
2025-09-20 00:59:12.765987 -> Error: USB_MUTE          -> No se recibieron más datos de la máquina. Máquina apagada o desconectada. Último dato recibido: 2025-09-20 00:58:12.783211. 
2025-09-20 01:00:12.766693 -> Error: USB_MUTE          -> No se recibieron más datos de la máquina. Máquina apagada o desconectada. Último dato recibido: 2025-09-20 00:59:12.784159. 
2025-09-20 01:01:12.762115 -> Error: USB_MUTE          -> No se recibieron más datos de la máquina. Máquina apagada o desconectada. Último dato recibido: 2025-09-20 01:00:12.783772. 
2025-09-20 01:02:12.770703 -> Error: USB_MUTE          -> No se recibieron más datos de la máquina. Máquina apagada o desconectada. Último dato recibido: 2025-09-20 01:01:12.795391. 
2025-09-20 01:03:12.768948 -> Error: USB_MUTE          -> No se recibieron más datos de la máquina. Máquina apagada o desconectada. Último dato recibido: 2025-09-20 01:02:12.790809. 
2025-09-20 01:04:12.768945 -> Error: USB_MUTE          -> No se recibieron más datos de la máquina. Máquina apagada o desconectada. Último dato recibido: 2025-09-20 01:03:12.795621. 
2025-09-20 01:05:12.779506 -> Error: USB_MUTE          -> No se recibieron más datos de la máquina. Máquina apagada o desconectada. Último dato recibido: 2025-09-20 01:04:12.801685. 
2025-09-20 01:07:12.778782 -> Error: USB_MUTE          -> No se recibieron más datos de la máquina. Máquina apagada o desconectada. Último dato recibido: 2025-09-20 01:06:12.774803. 
2025-09-20 01:12:12.792405 -> Error: USB_MUTE          -> No se recibieron más datos de la máquina. Máquina apagada o desconectada. Último dato recibido: 2025-09-20 01:11:12.788986. 
2025-09-20 01:13:12.796369 -> Error: USB_MUTE          -> No se recibieron más datos de la máquina. Máquina apagada o desconectada. Último dato recibido: 2025-09-20 01:12:12.792405. 
2025-09-20 01:17:12.805203 -> Error: USB_MUTE          -> No se recibieron más datos de la máquina. Máquina apagada o desconectada. Último dato recibido: 2025-09-20 01:16:12.797853. 
2025-09-20 01:18:12.801201 -> Error: USB_MUTE          -> No se recibieron más datos de la máquina. Máquina apagada o desconectada. Último dato recibido: 2025-09-20 01:17:12.986580. 
2025-09-20 01:19:12.808787 -> Error: USB_MUTE          -> No se recibieron más datos de la máquina. Máquina apagada o desconectada. Último dato recibido: 2025-09-20 01:18:12.831434. 
2025-09-20 01:20:12.815019 -> Error: USB_MUTE          -> No se recibieron más datos de la máquina. Máquina apagada o desconectada. Último dato recibido: 2025-09-20 01:19:12.839086. 
2025-09-20 01:21:12.815700 -> Error: USB_MUTE          -> No se recibieron más datos de la máquina. Máquina apagada o desconectada. Último dato recibido: 2025-09-20 01:20:12.831105. 
2025-09-20 01:22:12.820097 -> Error: USB_MUTE          -> No se recibieron más datos de la máquina. Máquina apagada o desconectada. Último dato recibido: 2025-09-20 01:21:12.837326. 
2025-09-20 05:05:13.343920 -> Error: USB_MUTE          -> No se recibieron más datos de la máquina. Máquina apagada o desconectada. Último dato recibido: 2025-09-20 05:04:13.338538. 
2025-09-20 05:06:13.336990 -> Error: USB_MUTE          -> No se recibieron más datos de la máquina. Máquina apagada o desconectada. Último dato recibido: 2025-09-20 05:05:13.449006. 
2025-09-22 21:35:14.194709 -> Error: USB_MUTE          -> No se recibieron más datos de la máquina. Máquina apagada o desconectada. Último dato recibido: 2025-09-22 21:34:14.189364. 
2025-09-24 14:11:14.489475 -> Error: USB_MUTE          -> No se recibieron más datos de la máquina. Máquina apagada o desconectada. Último dato recibido: 2025-09-24 14:10:14.493684. 
2025-09-25 01:21:16.055090 -> Error: USB_MUTE          -> No se recibieron más datos de la máquina. Máquina apagada o desconectada. Último dato recibido: 2025-09-25 01:20:16.057874. 
2025-09-25 03:16:16.332803 -> Error: USB_MUTE          -> No se recibieron más datos de la máquina. Máquina apagada o desconectada. Último dato recibido: 2025-09-25 03:15:16.325851. 
2025-09-25 07:00:16.857088 -> Error: USB_MUTE          -> No se recibieron más datos de la máquina. Máquina apagada o desconectada. Último dato recibido: 2025-09-25 06:59:16.851523. 
2025-09-26 03:27:17.022290 -> Error: USB_MUTE          -> No se recibieron más datos de la máquina. Máquina apagada o desconectada. Último dato recibido: 2025-09-26 03:26:17.028290. 
2025-09-26 03:28:17.026810 -> Error: USB_MUTE          -> No se recibieron más datos de la máquina. Máquina apagada o desconectada. Último dato recibido: 2025-09-26 03:27:17.196024. 
2025-09-26 03:30:17.034557 -> Error: USB_MUTE          -> No se recibieron más datos de la máquina. Máquina apagada o desconectada. Último dato recibido: 2025-09-26 03:29:17.032970. 
2025-09-26 03:44:17.070481 -> Error: USB_MUTE          -> No se recibieron más datos de la máquina. Máquina apagada o desconectada. Último dato recibido: 2025-09-26 03:43:17.056876. 
2025-09-26 03:45:17.071752 -> Error: USB_MUTE          -> No se recibieron más datos de la máquina. Máquina apagada o desconectada. Último dato recibido: 2025-09-26 03:44:17.271181. 
2025-09-26 03:46:17.067734 -> Error: USB_MUTE          -> No se recibieron más datos de la máquina. Máquina apagada o desconectada. Último dato recibido: 2025-09-26 03:45:17.087283. 
2025-09-26 03:47:17.065721 -> Error: USB_MUTE          -> No se recibieron más datos de la máquina. Máquina apagada o desconectada. Último dato recibido: 2025-09-26 03:46:17.078741. 
2025-09-26 03:48:17.074673 -> Error: USB_MUTE          -> No se recibieron más datos de la máquina. Máquina apagada o desconectada. Último dato recibido: 2025-09-26 03:47:17.091458. 
2025-09-26 03:49:17.080570 -> Error: USB_MUTE          -> No se recibieron más datos de la máquina. Máquina apagada o desconectada. Último dato recibido: 2025-09-26 03:48:17.090312. 
2025-09-26 03:50:17.084164 -> Error: USB_MUTE          -> No se recibieron más datos de la máquina. Máquina apagada o desconectada. Último dato recibido: 2025-09-26 03:49:17.097707. 
2025-09-26 03:51:17.085542 -> Error: USB_MUTE          -> No se recibieron más datos de la máquina. Máquina apagada o desconectada. Último dato recibido: 2025-09-26 03:50:17.099852. 
2025-09-26 14:27:15.876728 -> Error: USB_MUTE          -> No se recibieron más datos de la máquina. Máquina apagada o desconectada. Último dato recibido: 2025-09-26 14:26:15.878044. 
2025-09-26 15:51:16.063869 -> Error: USB_MUTE          -> No se recibieron más datos de la máquina. Máquina apagada o desconectada. Último dato recibido: 2025-09-26 15:50:16.070813. 
2025-09-26 15:52:16.077849 -> Error: USB_MUTE          -> No se recibieron más datos de la máquina. Máquina apagada o desconectada. Último dato recibido: 2025-09-26 15:51:16.164173. 
2025-09-26 15:53:16.065965 -> Error: USB_MUTE          -> No se recibieron más datos de la máquina. Máquina apagada o desconectada. Último dato recibido: 2025-09-26 15:52:16.077849. 
2025-09-26 15:54:16.080502 -> Error: USB_MUTE          -> No se recibieron más datos de la máquina. Máquina apagada o desconectada. Último dato recibido: 2025-09-26 15:53:16.093249. 
2025-09-26 15:55:16.071805 -> Error: USB_MUTE          -> No se recibieron más datos de la máquina. Máquina apagada o desconectada. Último dato recibido: 2025-09-26 15:54:16.084011. 
2025-09-26 15:56:16.084196 -> Error: USB_MUTE          -> No se recibieron más datos de la máquina. Máquina apagada o desconectada. Último dato recibido: 2025-09-26 15:55:16.086319. 
2025-09-26 15:57:16.084682 -> Error: USB_MUTE          -> No se recibieron más datos de la máquina. Máquina apagada o desconectada. Último dato recibido: 2025-09-26 15:56:16.101859. 
2025-09-26 17:36:16.314179 -> Error: USB_MUTE          -> No se recibieron más datos de la máquina. Máquina apagada o desconectada. Último dato recibido: 2025-09-26 17:35:16.314972. 
2025-09-26 18:14:16.396682 -> Error: USB_MUTE          -> No se recibieron más datos de la máquina. Máquina apagada o desconectada. Último dato recibido: 2025-09-26 18:13:16.407346. 
2025-09-26 18:15:16.408498 -> Error: USB_MUTE          -> No se recibieron más datos de la máquina. Máquina apagada o desconectada. Último dato recibido: 2025-09-26 18:14:16.487318. 
2025-09-26 19:09:16.536619 -> Error: USB_MUTE          -> No se recibieron más datos de la máquina. Máquina apagada o desconectada. Último dato recibido: 2025-09-26 19:08:16.520311. 
2025-09-26 20:28:16.718726 -> Error: USB_MUTE          -> No se recibieron más datos de la máquina. Máquina apagada o desconectada. Último dato recibido: 2025-09-26 20:27:16.718099. 
2025-09-29 13:07:17.572377 -> Error: USB_MUTE          -> No se recibieron más datos de la máquina. Máquina apagada o desconectada. Último dato recibido: 2025-09-29 13:06:17.573753. 
2025-09-30 06:31:20.031730 -> Error: USB_MUTE          -> No se recibieron más datos de la máquina. Máquina apagada o desconectada. Último dato recibido: 2025-09-30 06:30:20.028349. 
2025-09-30 06:38:20.055859 -> Error: USB_MUTE          -> No se recibieron más datos de la máquina. Máquina apagada o desconectada. Último dato recibido: 2025-09-30 06:37:20.053265. 
2025-09-30 06:39:20.053194 -> Error: USB_MUTE          -> No se recibieron más datos de la máquina. Máquina apagada o desconectada. Último dato recibido: 2025-09-30 06:38:20.155524. 
2025-09-30 06:40:20.046534 -> Error: USB_MUTE          -> No se recibieron más datos de la máquina. Máquina apagada o desconectada. Último dato recibido: 2025-09-30 06:39:20.069249. 
2025-09-30 06:41:20.061760 -> Error: USB_MUTE          -> No se recibieron más datos de la máquina. Máquina apagada o desconectada. Último dato recibido: 2025-09-30 06:40:20.076715. 
2025-09-30 06:42:20.064340 -> Error: USB_MUTE          -> No se recibieron más datos de la máquina. Máquina apagada o desconectada. Último dato recibido: 2025-09-30 06:41:20.069269. 
2025-09-30 06:43:20.063552 -> Error: USB_MUTE          -> No se recibieron más datos de la máquina. Máquina apagada o desconectada. Último dato recibido: 2025-09-30 06:42:20.082480. 
2025-09-30 06:44:20.056849 -> Error: USB_MUTE          -> No se recibieron más datos de la máquina. Máquina apagada o desconectada. Último dato recibido: 2025-09-30 06:43:20.086746. 
2025-09-30 06:45:20.069460 -> Error: USB_MUTE          -> No se recibieron más datos de la máquina. Máquina apagada o desconectada. Último dato recibido: 2025-09-30 06:44:20.090102. 
2025-09-30 07:11:20.121887 -> Error: USB_MUTE          -> No se recibieron más datos de la máquina. Máquina apagada o desconectada. Último dato recibido: 2025-09-30 07:10:20.123904. 
2025-09-30 08:13:20.272545 -> Error: USB_MUTE          -> No se recibieron más datos de la máquina. Máquina apagada o desconectada. Último dato recibido: 2025-09-30 08:12:20.265901. 
2025-09-30 08:14:20.281227 -> Error: USB_MUTE          -> No se recibieron más datos de la máquina. Máquina apagada o desconectada. Último dato recibido: 2025-09-30 08:13:20.393351. 
2025-09-30 08:15:20.279133 -> Error: USB_MUTE          -> No se recibieron más datos de la máquina. Máquina apagada o desconectada. Último dato recibido: 2025-09-30 08:14:20.291233. 
2025-09-30 08:16:20.273547 -> Error: USB_MUTE          -> No se recibieron más datos de la máquina. Máquina apagada o desconectada. Último dato recibido: 2025-09-30 08:15:20.299894. 
2025-09-30 08:17:20.284471 -> Error: USB_MUTE          -> No se recibieron más datos de la máquina. Máquina apagada o desconectada. Último dato recibido: 2025-09-30 08:16:20.303845. 
2025-09-30 10:57:20.666692 -> Error: USB_MUTE          -> No se recibieron más datos de la máquina. Máquina apagada o desconectada. Último dato recibido: 2025-09-30 10:56:20.665052. 
2025-09-30 10:58:20.669231 -> Error: USB_MUTE          -> No se recibieron más datos de la máquina. Máquina apagada o desconectada. Último dato recibido: 2025-09-30 10:57:20.666692. 
2025-09-30 11:34:20.755953 -> Error: USB_MUTE          -> No se recibieron más datos de la máquina. Máquina apagada o desconectada. Último dato recibido: 2025-09-30 11:33:20.742205. 
2025-09-30 11:50:20.781054 -> Error: USB_MUTE          -> No se recibieron más datos de la máquina. Máquina apagada o desconectada. Último dato recibido: 2025-09-30 11:49:20.788080. 
2025-09-30 11:51:20.784604 -> Error: USB_MUTE          -> No se recibieron más datos de la máquina. Máquina apagada o desconectada. Último dato recibido: 2025-09-30 11:50:20.896285. 
2025-09-30 11:52:20.786531 -> Error: USB_MUTE          -> No se recibieron más datos de la máquina. Máquina apagada o desconectada. Último dato recibido: 2025-09-30 11:51:20.817729. 
2025-09-30 11:55:20.794826 -> Error: USB_MUTE          -> No se recibieron más datos de la máquina. Máquina apagada o desconectada. Último dato recibido: 2025-09-30 11:54:20.789501. 
2025-09-30 13:19:21.005576 -> Error: USB_MUTE          -> No se recibieron más datos de la máquina. Máquina apagada o desconectada. Último dato recibido: 2025-09-30 13:18:21.004552. 
2025-09-30 13:42:21.060151 -> Error: USB_MUTE          -> No se recibieron más datos de la máquina. Máquina apagada o desconectada. Último dato recibido: 2025-09-30 13:41:21.059126. 
2025-09-30 14:20:21.151100 -> Error: USB_MUTE          -> No se recibieron más datos de la máquina. Máquina apagada o desconectada. Último dato recibido: 2025-09-30 14:19:21.149073. 
2025-09-30 14:29:21.172129 -> Error: USB_MUTE          -> No se recibieron más datos de la máquina. Máquina apagada o desconectada. Último dato recibido: 2025-09-30 14:28:21.171300. 
2025-09-30 22:08:19.377007 -> Error: USB_MUTE          -> No se recibieron más datos de la máquina. Máquina apagada o desconectada. Último dato recibido: 2025-09-30 22:07:19.385386. 
2025-09-30 22:09:19.386395 -> Error: USB_MUTE          -> No se recibieron más datos de la máquina. Máquina apagada o desconectada. Último dato recibido: 2025-09-30 22:08:19.610129. 
2025-09-30 22:10:19.380275 -> Error: USB_MUTE          -> No se recibieron más datos de la máquina. Máquina apagada o desconectada. Último dato recibido: 2025-09-30 22:09:19.399905. 
2025-09-30 22:11:19.397446 -> Error: USB_MUTE          -> No se recibieron más datos de la máquina. Máquina apagada o desconectada. Último dato recibido: 2025-09-30 22:10:19.413640. 
2025-09-30 22:12:19.397947 -> Error: USB_MUTE          -> No se recibieron más datos de la máquina. Máquina apagada o desconectada. Último dato recibido: 2025-09-30 22:11:19.417024. 
2025-10-01 00:31:19.729856 -> Error: USB_MUTE          -> No se recibieron más datos de la máquina. Máquina apagada o desconectada. Último dato recibido: 2025-10-01 00:30:19.737744. 
2025-10-01 00:32:19.736047 -> Error: USB_MUTE          -> No se recibieron más datos de la máquina. Máquina apagada o desconectada. Último dato recibido: 2025-10-01 00:31:19.942186. 
2025-10-01 00:33:19.735733 -> Error: USB_MUTE          -> No se recibieron más datos de la máquina. Máquina apagada o desconectada. Último dato recibido: 2025-10-01 00:32:19.761855. 
2025-10-01 00:34:19.745985 -> Error: USB_MUTE          -> No se recibieron más datos de la máquina. Máquina apagada o desconectada. Último dato recibido: 2025-10-01 00:33:19.754909. 
2025-10-01 00:35:19.741081 -> Error: USB_MUTE          -> No se recibieron más datos de la máquina. Máquina apagada o desconectada. Último dato recibido: 2025-10-01 00:34:19.756551. 
2025-10-01 00:36:19.747331 -> Error: USB_MUTE          -> No se recibieron más datos de la máquina. Máquina apagada o desconectada. Último dato recibido: 2025-10-01 00:35:19.755671. 
2025-10-01 00:37:19.754202 -> Error: USB_MUTE          -> No se recibieron más datos de la máquina. Máquina apagada o desconectada. Último dato recibido: 2025-10-01 00:36:19.762394. 
2025-10-01 00:38:19.755944 -> Error: USB_MUTE          -> No se recibieron más datos de la máquina. Máquina apagada o desconectada. Último dato recibido: 2025-10-01 00:37:19.767819. 
2025-10-01 00:39:19.752026 -> Error: USB_MUTE          -> No se recibieron más datos de la máquina. Máquina apagada o desconectada. Último dato recibido: 2025-10-01 00:38:19.771005. 
2025-10-01 00:40:19.760028 -> Error: USB_MUTE          -> No se recibieron más datos de la máquina. Máquina apagada o desconectada. Último dato recibido: 2025-10-01 00:39:19.764043. 
2025-10-01 00:41:19.761405 -> Error: USB_MUTE          -> No se recibieron más datos de la máquina. Máquina apagada o desconectada. Último dato recibido: 2025-10-01 00:40:19.769107. 
2025-10-01 00:42:19.761895 -> Error: USB_MUTE          -> No se recibieron más datos de la máquina. Máquina apagada o desconectada. Último dato recibido: 2025-10-01 00:41:19.775998. 
2025-10-01 00:43:19.769384 -> Error: USB_MUTE          -> No se recibieron más datos de la máquina. Máquina apagada o desconectada. Último dato recibido: 2025-10-01 00:42:19.784467. 
2025-10-01 00:44:19.771051 -> Error: USB_MUTE          -> No se recibieron más datos de la máquina. Máquina apagada o desconectada. Último dato recibido: 2025-10-01 00:43:19.788532. 
2025-10-01 00:45:19.770637 -> Error: USB_MUTE          -> No se recibieron más datos de la máquina. Máquina apagada o desconectada. Último dato recibido: 2025-10-01 00:44:19.786588. 
2025-10-01 00:46:19.766210 -> Error: USB_MUTE          -> No se recibieron más datos de la máquina. Máquina apagada o desconectada. Último dato recibido: 2025-10-01 00:45:19.786699. 
2025-10-01 00:47:19.772488 -> Error: USB_MUTE          -> No se recibieron más datos de la máquina. Máquina apagada o desconectada. Último dato recibido: 2025-10-01 00:46:19.782779. 
2025-10-01 00:48:19.781651 -> Error: USB_MUTE          -> No se recibieron más datos de la máquina. Máquina apagada o desconectada. Último dato recibido: 2025-10-01 00:47:19.785033. 
2025-10-01 00:49:19.774795 -> Error: USB_MUTE          -> No se recibieron más datos de la máquina. Máquina apagada o desconectada. Último dato recibido: 2025-10-01 00:48:19.799340. 
2025-10-01 01:45:19.914509 -> Error: USB_MUTE          -> No se recibieron más datos de la máquina. Máquina apagada o desconectada. Último dato recibido: 2025-10-01 01:44:19.910479. 
2025-10-01 01:46:19.914725 -> Error: USB_MUTE          -> No se recibieron más datos de la máquina. Máquina apagada o desconectada. Último dato recibido: 2025-10-01 01:45:20.011026. 
2025-10-01 01:47:19.924019 -> Error: USB_MUTE          -> No se recibieron más datos de la máquina. Máquina apagada o desconectada. Último dato recibido: 2025-10-01 01:46:19.944897. 
2025-10-01 01:48:19.919541 -> Error: USB_MUTE          -> No se recibieron más datos de la máquina. Máquina apagada o desconectada. Último dato recibido: 2025-10-01 01:47:19.941691. 
2025-10-01 01:49:19.928933 -> Error: USB_MUTE          -> No se recibieron más datos de la máquina. Máquina apagada o desconectada. Último dato recibido: 2025-10-01 01:48:19.970697. 
2025-10-01 03:38:20.194060 -> Error: USB_MUTE          -> No se recibieron más datos de la máquina. Máquina apagada o desconectada. Último dato recibido: 2025-10-01 03:37:20.181317. 
2025-10-01 03:39:20.197857 -> Error: USB_MUTE          -> No se recibieron más datos de la máquina. Máquina apagada o desconectada. Último dato recibido: 2025-10-01 03:38:20.411850. 
2025-10-01 03:40:20.191503 -> Error: USB_MUTE          -> No se recibieron más datos de la máquina. Máquina apagada o desconectada. Último dato recibido: 2025-10-01 03:39:20.214151. 
2025-10-01 03:41:20.203800 -> Error: USB_MUTE          -> No se recibieron más datos de la máquina. Máquina apagada o desconectada. Último dato recibido: 2025-10-01 03:40:20.220636. 
2025-10-01 03:42:20.194704 -> Error: USB_MUTE          -> No se recibieron más datos de la máquina. Máquina apagada o desconectada. Último dato recibido: 2025-10-01 03:41:20.219492. 
2025-10-01 05:01:20.389130 -> Error: USB_MUTE          -> No se recibieron más datos de la máquina. Máquina apagada o desconectada. Último dato recibido: 2025-10-01 05:00:20.384928. 
2025-10-01 06:49:20.654013 -> Error: USB_MUTE          -> No se recibieron más datos de la máquina. Máquina apagada o desconectada. Último dato recibido: 2025-10-01 06:48:20.649352. 
2025-10-01 07:13:20.713906 -> Error: USB_MUTE          -> No se recibieron más datos de la máquina. Máquina apagada o desconectada. Último dato recibido: 2025-10-01 07:12:20.710920. 
2025-10-01 07:50:20.789749 -> Error: USB_MUTE          -> No se recibieron más datos de la máquina. Máquina apagada o desconectada. Último dato recibido: 2025-10-01 07:49:20.798472. 
2025-10-01 07:51:20.797227 -> Error: USB_MUTE          -> No se recibieron más datos de la máquina. Máquina apagada o desconectada. Último dato recibido: 2025-10-01 07:50:20.956447. 
2025-10-01 14:07:19.240332 -> Error: USB_MUTE          -> No se recibieron más datos de la máquina. Máquina apagada o desconectada. Último dato recibido: 2025-10-01 14:06:19.224397. 
2025-10-01 20:23:20.158050 -> Error: USB_MUTE          -> No se recibieron más datos de la máquina. Máquina apagada o desconectada. Último dato recibido: 2025-10-01 20:22:20.144933. 
2025-10-01 20:24:20.156394 -> Error: USB_MUTE          -> No se recibieron más datos de la máquina. Máquina apagada o desconectada. Último dato recibido: 2025-10-01 20:23:20.191286. 
2025-10-01 20:27:20.155479 -> Error: USB_MUTE          -> No se recibieron más datos de la máquina. Máquina apagada o desconectada. Último dato recibido: 2025-10-01 20:26:20.153681. 
2025-10-02 07:11:21.757794 -> Error: USB_MUTE          -> No se recibieron más datos de la máquina. Máquina apagada o desconectada. Último dato recibido: 2025-10-02 07:10:21.756615. 
2025-10-02 13:21:19.907836 -> Error: USB_MUTE          -> No se recibieron más datos de la máquina. Máquina apagada o desconectada. Último dato recibido: 2025-10-02 13:20:19.907957. 
2025-10-02 13:23:19.908658 -> Error: USB_MUTE          -> No se recibieron más datos de la máquina. Máquina apagada o desconectada. Último dato recibido: 2025-10-02 13:22:19.911757. 
2025-10-02 14:16:20.043822 -> Error: USB_MUTE          -> No se recibieron más datos de la máquina. Máquina apagada o desconectada. Último dato recibido: 2025-10-02 14:15:20.048880. 
2025-10-02 14:17:20.049048 -> Error: USB_MUTE          -> No se recibieron más datos de la máquina. Máquina apagada o desconectada. Último dato recibido: 2025-10-02 14:16:20.225065. 
2025-10-04 04:54:23.216895 -> Error: USB_MUTE          -> No se recibieron más datos de la máquina. Máquina apagada o desconectada. Último dato recibido: 2025-10-04 04:53:23.210708. 
2025-10-04 04:55:23.225189 -> Error: USB_MUTE          -> No se recibieron más datos de la máquina. Máquina apagada o desconectada. Último dato recibido: 2025-10-04 04:54:23.339546. 
2025-10-04 05:07:23.244675 -> Error: USB_MUTE          -> No se recibieron más datos de la máquina. Máquina apagada o desconectada. Último dato recibido: 2025-10-04 05:06:23.249973. 
2025-10-04 05:08:23.259650 -> Error: USB_MUTE          -> No se recibieron más datos de la máquina. Máquina apagada o desconectada. Último dato recibido: 2025-10-04 05:07:23.331257. 
2025-10-04 05:10:23.266851 -> Error: USB_MUTE          -> No se recibieron más datos de la máquina. Máquina apagada o desconectada. Último dato recibido: 2025-10-04 05:09:23.262610. 
2025-10-04 05:14:23.275920 -> Error: USB_MUTE          -> No se recibieron más datos de la máquina. Máquina apagada o desconectada. Último dato recibido: 2025-10-04 05:13:23.268783. 
2025-10-04 05:15:23.280359 -> Error: USB_MUTE          -> No se recibieron más datos de la máquina. Máquina apagada o desconectada. Último dato recibido: 2025-10-04 05:14:23.382670. 
2025-10-04 05:16:23.270935 -> Error: USB_MUTE          -> No se recibieron más datos de la máquina. Máquina apagada o desconectada. Último dato recibido: 2025-10-04 05:15:23.296000. 
2025-10-04 05:17:23.283713 -> Error: USB_MUTE          -> No se recibieron más datos de la máquina. Máquina apagada o desconectada. Último dato recibido: 2025-10-04 05:16:23.298103. 
2025-10-04 05:18:23.282846 -> Error: USB_MUTE          -> No se recibieron más datos de la máquina. Máquina apagada o desconectada. Último dato recibido: 2025-10-04 05:17:23.291722. 
2025-10-04 05:19:23.282676 -> Error: USB_MUTE          -> No se recibieron más datos de la máquina. Máquina apagada o desconectada. Último dato recibido: 2025-10-04 05:18:23.299561. 
2025-10-04 05:20:23.282901 -> Error: USB_MUTE          -> No se recibieron más datos de la máquina. Máquina apagada o desconectada. Último dato recibido: 2025-10-04 05:19:23.298777. 
2025-10-04 05:21:23.295243 -> Error: USB_MUTE          -> No se recibieron más datos de la máquina. Máquina apagada o desconectada. Último dato recibido: 2025-10-04 05:20:23.304150. 
2025-10-06 08:57:25.200275 -> Error: USB_MUTE          -> No se recibieron más datos de la máquina. Máquina apagada o desconectada. Último dato recibido: 2025-10-06 08:56:25.191261. 
2025-10-07 05:52:25.355909 -> Error: USB_MUTE          -> No se recibieron más datos de la máquina. Máquina apagada o desconectada. Último dato recibido: 2025-10-07 05:51:25.352442. 
2025-10-09 08:09:27.066389 -> Error: USB_MUTE          -> No se recibieron más datos de la máquina. Máquina apagada o desconectada. Último dato recibido: 2025-10-09 08:08:27.070989. 
2025-10-09 15:09:59.569188 -> Error: USB_CONN          -> No se pudo conectar con CH340 (Driver USB de la máquina). could not open port 'COM3': PermissionError(13, 'Acceso denegado.', None, 5)
2025-10-10 12:14:58.459878 -> Error: USB_CONN          -> No se pudo conectar con CH340 (Driver USB de la máquina). could not open port 'COM3': PermissionError(13, 'Acceso denegado.', None, 5)
2025-10-10 12:18:57.340294 -> Error: USB_CONN          -> No se pudo conectar con CH340 (Driver USB de la máquina). could not open port 'COM3': PermissionError(13, 'Acceso denegado.', None, 5)
2025-10-13 22:41:14.868692 -> Error: USB_MUTE          -> No se recibieron más datos de la máquina. Máquina apagada o desconectada. Último dato recibido: 2025-10-13 22:40:14.867017. 
2025-10-13 22:47:14.868729 -> Error: USB_MUTE          -> No se recibieron más datos de la máquina. Máquina apagada o desconectada. Último dato recibido: 2025-10-13 22:46:14.878025. 
2025-10-13 23:40:14.996016 -> Error: USB_MUTE          -> No se recibieron más datos de la máquina. Máquina apagada o desconectada. Último dato recibido: 2025-10-13 23:39:14.998138. 
2025-10-13 23:41:14.992477 -> Error: USB_MUTE          -> No se recibieron más datos de la máquina. Máquina apagada o desconectada. Último dato recibido: 2025-10-13 23:40:15.106221. 
2025-10-15 08:39:17.314938 -> Error: USB_MUTE          -> No se recibieron más datos de la máquina. Máquina apagada o desconectada. Último dato recibido: 2025-10-15 08:38:17.316693. 
2025-10-15 08:40:17.307489 -> Error: USB_MUTE          -> No se recibieron más datos de la máquina. Máquina apagada o desconectada. Último dato recibido: 2025-10-15 08:39:17.463183. 
2025-10-15 08:42:17.321973 -> Error: USB_MUTE          -> No se recibieron más datos de la máquina. Máquina apagada o desconectada. Último dato recibido: 2025-10-15 08:41:17.317746. 
2025-10-15 18:33:03.426349 -> Error: USB_CONN          -> No se pudo conectar con CH340 (Driver USB de la máquina). could not open port 'COM3': PermissionError(13, 'Acceso denegado.', None, 5)
2025-10-16 07:31:16.940392 -> Error: USB_MUTE          -> No se recibieron más datos de la máquina. Máquina apagada o desconectada. Último dato recibido: 2025-10-16 07:30:16.934524. 
2025-10-17 07:08:18.642949 -> Error: USB_MUTE          -> No se recibieron más datos de la máquina. Máquina apagada o desconectada. Último dato recibido: 2025-10-17 07:07:18.645077. 
2025-10-20 06:04:20.527122 -> Error: USB_MUTE          -> No se recibieron más datos de la máquina. Máquina apagada o desconectada. Último dato recibido: 2025-10-20 06:03:20.517032. 
2025-10-20 13:03:18.947140 -> Error: USB_MUTE          -> No se recibieron más datos de la máquina. Máquina apagada o desconectada. Último dato recibido: 2025-10-20 13:02:18.951588. 
2025-10-20 14:21:19.132622 -> Error: USB_MUTE          -> No se recibieron más datos de la máquina. Máquina apagada o desconectada. Último dato recibido: 2025-10-20 14:20:19.131456. 
2025-10-20 23:04:20.298996 -> Error: USB_MUTE          -> No se recibieron más datos de la máquina. Máquina apagada o desconectada. Último dato recibido: 2025-10-20 23:03:20.298145. 
2025-10-20 23:05:20.304547 -> Error: USB_MUTE          -> No se recibieron más datos de la máquina. Máquina apagada o desconectada. Último dato recibido: 2025-10-20 23:04:20.420581. 
2025-10-23 12:07:23.925839 -> Error: USB_MUTE          -> No se recibieron más datos de la máquina. Máquina apagada o desconectada. Último dato recibido: 2025-10-23 12:06:23.932545. 
2025-10-24 09:02:24.475601 -> Error: USB_MUTE          -> No se recibieron más datos de la máquina. Máquina apagada o desconectada. Último dato recibido: 2025-10-24 09:01:24.472348. 
2025-10-24 09:03:24.479849 -> Error: USB_MUTE          -> No se recibieron más datos de la máquina. Máquina apagada o desconectada. Último dato recibido: 2025-10-24 09:02:24.490158. 
2025-10-24 12:08:24.985431 -> Error: USB_MUTE          -> No se recibieron más datos de la máquina. Máquina apagada o desconectada. Último dato recibido: 2025-10-24 12:07:24.983536. 
2025-10-24 12:09:24.988325 -> Error: USB_MUTE          -> No se recibieron más datos de la máquina. Máquina apagada o desconectada. Último dato recibido: 2025-10-24 12:08:24.994431. 
2025-10-24 13:08:25.147100 -> Error: USB_MUTE          -> No se recibieron más datos de la máquina. Máquina apagada o desconectada. Último dato recibido: 2025-10-24 13:07:25.145206. 
2025-10-25 14:52:16.487261 -> Error: USB_CONN          -> No se pudo conectar con CH340 (Driver USB de la máquina). could not open port 'COM3': PermissionError(13, 'Acceso denegado.', None, 5)
2025-10-25 18:48:20.548786 -> Error: USB_CONN          -> No se pudo conectar con CH340 (Driver USB de la máquina). could not open port 'COM3': PermissionError(13, 'Acceso denegado.', None, 5)
2025-10-31 03:00:31.514203 -> Error: USB_MUTE          -> No se recibieron más datos de la máquina. Máquina apagada o desconectada. Último dato recibido: 2025-10-31 02:59:31.511833. 
2025-11-03 05:50:58.503800 -> Error: USB_CONN          -> No se pudo conectar con CH340 (Driver USB de la máquina). could not open port 'COM3': PermissionError(13, 'Acceso denegado.', None, 5)
2025-11-03 08:10:07.480673 -> Error: USB_MUTE          -> No se recibieron más datos de la máquina. Máquina apagada o desconectada. Último dato recibido: 2025-11-03 08:09:07.480195. 
2025-11-03 08:11:07.483319 -> Error: USB_MUTE          -> No se recibieron más datos de la máquina. Máquina apagada o desconectada. Último dato recibido: 2025-11-03 08:10:07.723687. 
2025-11-03 08:12:07.491858 -> Error: USB_MUTE          -> No se recibieron más datos de la máquina. Máquina apagada o desconectada. Último dato recibido: 2025-11-03 08:11:07.512949. 
2025-11-03 10:30:07.831841 -> Error: USB_MUTE          -> No se recibieron más datos de la máquina. Máquina apagada o desconectada. Último dato recibido: 2025-11-03 10:29:07.820366. 
2025-11-03 10:31:07.833485 -> Error: USB_MUTE          -> No se recibieron más datos de la máquina. Máquina apagada o desconectada. Último dato recibido: 2025-11-03 10:30:08.016018. 
2025-11-03 10:33:07.838882 -> Error: USB_MUTE          -> No se recibieron más datos de la máquina. Máquina apagada o desconectada. Último dato recibido: 2025-11-03 10:32:07.829132. 
2025-11-03 10:34:07.842415 -> Error: USB_MUTE          -> No se recibieron más datos de la máquina. Máquina apagada o desconectada. Último dato recibido: 2025-11-03 10:33:07.945590. 
2025-11-03 10:35:07.840208 -> Error: USB_MUTE          -> No se recibieron más datos de la máquina. Máquina apagada o desconectada. Último dato recibido: 2025-11-03 10:34:07.863117. 
2025-11-03 10:37:07.844952 -> Error: USB_MUTE          -> No se recibieron más datos de la máquina. Máquina apagada o desconectada. Último dato recibido: 2025-11-03 10:36:07.838081. 
2025-11-03 14:13:08.397025 -> Error: USB_MUTE          -> No se recibieron más datos de la máquina. Máquina apagada o desconectada. Último dato recibido: 2025-11-03 14:12:08.394992. 
2025-11-03 14:31:08.444111 -> Error: USB_MUTE          -> No se recibieron más datos de la máquina. Máquina apagada o desconectada. Último dato recibido: 2025-11-03 14:30:08.437914. 
2025-11-03 14:32:08.447807 -> Error: USB_MUTE          -> No se recibieron más datos de la máquina. Máquina apagada o desconectada. Último dato recibido: 2025-11-03 14:31:08.610538. 
2025-11-03 14:33:08.437878 -> Error: USB_MUTE          -> No se recibieron más datos de la máquina. Máquina apagada o desconectada. Último dato recibido: 2025-11-03 14:32:08.461896. 
2025-11-04 07:00:11.217644 -> Error: USB_MUTE          -> No se recibieron más datos de la máquina. Máquina apagada o desconectada. Último dato recibido: 2025-11-04 06:59:11.214985. 
2025-11-04 07:01:11.223995 -> Error: USB_MUTE          -> No se recibieron más datos de la máquina. Máquina apagada o desconectada. Último dato recibido: 2025-11-04 07:00:11.344931. 
2025-11-04 07:02:11.216750 -> Error: USB_MUTE          -> No se recibieron más datos de la máquina. Máquina apagada o desconectada. Último dato recibido: 2025-11-04 07:01:11.236558. 
2025-11-05 06:31:11.002079 -> Error: USB_MUTE          -> No se recibieron más datos de la máquina. Máquina apagada o desconectada. Último dato recibido: 2025-11-05 06:30:10.998651. 
2025-11-05 09:39:11.449499 -> Error: USB_MUTE          -> No se recibieron más datos de la máquina. Máquina apagada o desconectada. Último dato recibido: 2025-11-05 09:38:11.447755. 
2025-11-06 14:56:12.368988 -> Error: USB_MUTE          -> No se recibieron más datos de la máquina. Máquina apagada o desconectada. Último dato recibido: 2025-11-06 14:55:12.367534. 
2025-11-06 14:57:12.371585 -> Error: USB_MUTE          -> No se recibieron más datos de la máquina. Máquina apagada o desconectada. Último dato recibido: 2025-11-06 14:56:12.563568. 
2025-11-07 08:10:12.190982 -> Error: USB_MUTE          -> No se recibieron más datos de la máquina. Máquina apagada o desconectada. Último dato recibido: 2025-11-07 08:09:12.200271. 
2025-11-10 14:29:12.829886 -> Error: USB_MUTE          -> No se recibieron más datos de la máquina. Máquina apagada o desconectada. Último dato recibido: 2025-11-10 14:28:12.828311. 
2025-11-11 05:51:15.299990 -> Error: USB_MUTE          -> No se recibieron más datos de la máquina. Máquina apagada o desconectada. Último dato recibido: 2025-11-11 05:50:15.305805. 
2025-11-11 11:19:16.216127 -> Error: USB_MUTE          -> No se recibieron más datos de la máquina. Máquina apagada o desconectada. Último dato recibido: 2025-11-11 11:18:16.207873. 
2025-11-11 18:00:07.220818 -> Error: USB_CONN          -> No se pudo conectar con CH340 (Driver USB de la máquina). could not open port 'COM3': PermissionError(13, 'Acceso denegado.', None, 5)
2025-11-14 12:31:15.765746 -> Error: USB_MUTE          -> No se recibieron más datos de la máquina. Máquina apagada o desconectada. Último dato recibido: 2025-11-14 12:30:15.775178. 
2025-11-17 05:54:06.450773 -> Error: USB_CONN          -> No se pudo conectar con CH340 (Driver USB de la máquina). could not open port 'COM3': PermissionError(13, 'Acceso denegado.', None, 5)
2025-11-17 06:38:59.987490 -> Error: USB_CONN          -> No se pudo conectar con CH340 (Driver USB de la máquina). could not open port 'COM3': PermissionError(13, 'Acceso denegado.', None, 5)
2025-11-17 20:33:19.931589 -> Error: USB_MUTE          -> No se recibieron más datos de la máquina. Máquina apagada o desconectada. Último dato recibido: 2025-11-17 20:32:19.928174. 
2025-11-17 20:43:19.962608 -> Error: USB_MUTE          -> No se recibieron más datos de la máquina. Máquina apagada o desconectada. Último dato recibido: 2025-11-17 20:42:19.959438. 
2025-11-18 04:34:50.115855 -> Error: USB_CONN          -> No se pudo conectar con CH340 (Driver USB de la máquina). could not open port 'COM3': PermissionError(13, 'Acceso denegado.', None, 5)
2025-11-18 12:36:18.944647 -> Error: USB_MUTE          -> No se recibieron más datos de la máquina. Máquina apagada o desconectada. Último dato recibido: 2025-11-18 12:35:18.942093. 
2025-11-18 12:37:18.946031 -> Error: USB_MUTE          -> No se recibieron más datos de la máquina. Máquina apagada o desconectada. Último dato recibido: 2025-11-18 12:36:19.135813. 
2025-11-18 17:14:19.672592 -> Error: USB_MUTE          -> No se recibieron más datos de la máquina. Máquina apagada o desconectada. Último dato recibido: 2025-11-18 17:13:19.666197. 
2025-11-18 17:28:19.708516 -> Error: USB_MUTE          -> No se recibieron más datos de la máquina. Máquina apagada o desconectada. Último dato recibido: 2025-11-18 17:27:19.701055. 
2025-11-18 17:29:19.700236 -> Error: USB_MUTE          -> No se recibieron más datos de la máquina. Máquina apagada o desconectada. Último dato recibido: 2025-11-18 17:28:19.889839. 
2025-11-18 17:30:19.716612 -> Error: USB_MUTE          -> No se recibieron más datos de la máquina. Máquina apagada o desconectada. Último dato recibido: 2025-11-18 17:29:19.730494. 
2025-11-18 17:34:19.717684 -> Error: USB_MUTE          -> No se recibieron más datos de la máquina. Máquina apagada o desconectada. Último dato recibido: 2025-11-18 17:33:19.718565. 
2025-11-18 17:35:19.723482 -> Error: USB_MUTE          -> No se recibieron más datos de la máquina. Máquina apagada o desconectada. Último dato recibido: 2025-11-18 17:34:19.867425. 
2025-11-18 17:36:19.732279 -> Error: USB_MUTE          -> No se recibieron más datos de la máquina. Máquina apagada o desconectada. Último dato recibido: 2025-11-18 17:35:19.746160. 
2025-11-18 17:37:19.733760 -> Error: USB_MUTE          -> No se recibieron más datos de la máquina. Máquina apagada o desconectada. Último dato recibido: 2025-11-18 17:36:19.749561. 
2025-11-18 17:38:19.739359 -> Error: USB_MUTE          -> No se recibieron más datos de la máquina. Máquina apagada o desconectada. Último dato recibido: 2025-11-18 17:37:19.746835. 
2025-11-18 17:39:19.732301 -> Error: USB_MUTE          -> No se recibieron más datos de la máquina. Máquina apagada o desconectada. Último dato recibido: 2025-11-18 17:38:19.759112. 
2025-11-18 17:49:19.755806 -> Error: USB_MUTE          -> No se recibieron más datos de la máquina. Máquina apagada o desconectada. Último dato recibido: 2025-11-18 17:48:19.758898. 
2025-11-18 17:57:19.790747 -> Error: USB_MUTE          -> No se recibieron más datos de la máquina. Máquina apagada o desconectada. Último dato recibido: 2025-11-18 17:56:19.783417. 
2025-11-18 17:58:19.785546 -> Error: USB_MUTE          -> No se recibieron más datos de la máquina. Máquina apagada o desconectada. Último dato recibido: 2025-11-18 17:57:19.931178. 
2025-11-18 18:52:19.940978 -> Error: USB_MUTE          -> No se recibieron más datos de la máquina. Máquina apagada o desconectada. Último dato recibido: 2025-11-18 18:51:19.934148. 
2025-11-18 18:53:19.943040 -> Error: USB_MUTE          -> No se recibieron más datos de la máquina. Máquina apagada o desconectada. Último dato recibido: 2025-11-18 18:52:20.118264. 
2025-11-18 18:54:19.943247 -> Error: USB_MUTE          -> No se recibieron más datos de la máquina. Máquina apagada o desconectada. Último dato recibido: 2025-11-18 18:53:19.959108. 
2025-11-18 19:00:19.955621 -> Error: USB_MUTE          -> No se recibieron más datos de la máquina. Máquina apagada o desconectada. Último dato recibido: 2025-11-18 18:59:19.955791. 
2025-11-18 19:01:19.962402 -> Error: USB_MUTE          -> No se recibieron más datos de la máquina. Máquina apagada o desconectada. Último dato recibido: 2025-11-18 19:00:20.025478. 
2025-11-18 19:02:19.964205 -> Error: USB_MUTE          -> No se recibieron más datos de la máquina. Máquina apagada o desconectada. Último dato recibido: 2025-11-18 19:01:19.973910. 
2025-11-18 19:03:19.963307 -> Error: USB_MUTE          -> No se recibieron más datos de la máquina. Máquina apagada o desconectada. Último dato recibido: 2025-11-18 19:02:19.980354. 
2025-11-18 19:04:19.965976 -> Error: USB_MUTE          -> No se recibieron más datos de la máquina. Máquina apagada o desconectada. Último dato recibido: 2025-11-18 19:03:19.987969. 
2025-11-18 19:05:19.968191 -> Error: USB_MUTE          -> No se recibieron más datos de la máquina. Máquina apagada o desconectada. Último dato recibido: 2025-11-18 19:04:19.985674. 
2025-11-18 19:06:19.978584 -> Error: USB_MUTE          -> No se recibieron más datos de la máquina. Máquina apagada o desconectada. Último dato recibido: 2025-11-18 19:05:19.995495. 
2025-11-18 19:07:19.978993 -> Error: USB_MUTE          -> No se recibieron más datos de la máquina. Máquina apagada o desconectada. Último dato recibido: 2025-11-18 19:06:19.996175. 
2025-11-18 19:09:19.979044 -> Error: USB_MUTE          -> No se recibieron más datos de la máquina. Máquina apagada o desconectada. Último dato recibido: 2025-11-18 19:08:19.978355. 
2025-11-18 19:25:20.022149 -> Error: USB_MUTE          -> No se recibieron más datos de la máquina. Máquina apagada o desconectada. Último dato recibido: 2025-11-18 19:24:20.026429. 
2025-11-18 19:26:20.029707 -> Error: USB_MUTE          -> No se recibieron más datos de la máquina. Máquina apagada o desconectada. Último dato recibido: 2025-11-18 19:25:20.098203. 
2025-11-18 19:27:20.033407 -> Error: USB_MUTE          -> No se recibieron más datos de la máquina. Máquina apagada o desconectada. Último dato recibido: 2025-11-18 19:26:20.053356. 
2025-11-18 19:30:20.046051 -> Error: USB_MUTE          -> No se recibieron más datos de la máquina. Máquina apagada o desconectada. Último dato recibido: 2025-11-18 19:29:20.032278. 
2025-11-18 19:31:20.041915 -> Error: USB_MUTE          -> No se recibieron más datos de la máquina. Máquina apagada o desconectada. Último dato recibido: 2025-11-18 19:30:20.145815. 
2025-11-18 20:56:20.275192 -> Error: USB_MUTE          -> No se recibieron más datos de la máquina. Máquina apagada o desconectada. Último dato recibido: 2025-11-18 20:55:20.279608. 
2025-11-18 20:57:20.284509 -> Error: USB_MUTE          -> No se recibieron más datos de la máquina. Máquina apagada o desconectada. Último dato recibido: 2025-11-18 20:56:20.290886. 
2025-11-19 10:38:22.516416 -> Error: USB_MUTE          -> No se recibieron más datos de la máquina. Máquina apagada o desconectada. Último dato recibido: 2025-11-19 10:37:22.513295. 
2025-11-19 10:44:22.544513 -> Error: USB_MUTE          -> No se recibieron más datos de la máquina. Máquina apagada o desconectada. Último dato recibido: 2025-11-19 10:43:22.529751. 
2025-11-20 07:14:22.772568 -> Error: USB_MUTE          -> No se recibieron más datos de la máquina. Máquina apagada o desconectada. Último dato recibido: 2025-11-20 07:13:22.771902. 
2025-11-20 16:18:21.170431 -> Error: USB_MUTE          -> No se recibieron más datos de la máquina. Máquina apagada o desconectada. Último dato recibido: 2025-11-20 16:17:21.160787. 
2025-11-20 23:34:22.350193 -> Error: USB_MUTE          -> No se recibieron más datos de la máquina. Máquina apagada o desconectada. Último dato recibido: 2025-11-20 23:33:22.351934. 
2025-11-20 23:35:22.355894 -> Error: USB_MUTE          -> No se recibieron más datos de la máquina. Máquina apagada o desconectada. Último dato recibido: 2025-11-20 23:34:22.409169. 
2025-11-20 23:36:22.344204 -> Error: USB_MUTE          -> No se recibieron más datos de la máquina. Máquina apagada o desconectada. Último dato recibido: 2025-11-20 23:35:22.370465. 
2025-11-21 00:04:22.421609 -> Error: USB_MUTE          -> No se recibieron más datos de la máquina. Máquina apagada o desconectada. Último dato recibido: 2025-11-21 00:03:22.426990. 
2025-11-21 00:05:22.430875 -> Error: USB_MUTE          -> No se recibieron más datos de la máquina. Máquina apagada o desconectada. Último dato recibido: 2025-11-21 00:04:22.567929. 
2025-11-21 13:47:21.501388 -> Error: USB_MUTE          -> No se recibieron más datos de la máquina. Máquina apagada o desconectada. Último dato recibido: 2025-11-21 13:46:21.496891. 
2025-11-21 21:37:22.561269 -> Error: USB_MUTE          -> No se recibieron más datos de la máquina. Máquina apagada o desconectada. Último dato recibido: 2025-11-21 21:36:22.553466. 
2025-11-21 21:38:22.568521 -> Error: USB_MUTE          -> No se recibieron más datos de la máquina. Máquina apagada o desconectada. Último dato recibido: 2025-11-21 21:37:22.576300. 
2025-11-21 21:39:22.570276 -> Error: USB_MUTE          -> No se recibieron más datos de la máquina. Máquina apagada o desconectada. Último dato recibido: 2025-11-21 21:38:22.584130. 
2025-11-21 21:40:22.574235 -> Error: USB_MUTE          -> No se recibieron más datos de la máquina. Máquina apagada o desconectada. Último dato recibido: 2025-11-21 21:39:22.589031. 
2025-11-21 21:41:22.571730 -> Error: USB_MUTE          -> No se recibieron más datos de la máquina. Máquina apagada o desconectada. Último dato recibido: 2025-11-21 21:40:22.589363. 
2025-11-21 22:11:22.634580 -> Error: USB_MUTE          -> No se recibieron más datos de la máquina. Máquina apagada o desconectada. Último dato recibido: 2025-11-21 22:10:22.643170. 
2025-11-21 22:20:22.661294 -> Error: USB_MUTE          -> No se recibieron más datos de la máquina. Máquina apagada o desconectada. Último dato recibido: 2025-11-21 22:19:22.657645. 
2025-11-21 22:21:22.660073 -> Error: USB_MUTE          -> No se recibieron más datos de la máquina. Máquina apagada o desconectada. Último dato recibido: 2025-11-21 22:20:22.860542. 
2025-11-21 22:22:22.668567 -> Error: USB_MUTE          -> No se recibieron más datos de la máquina. Máquina apagada o desconectada. Último dato recibido: 2025-11-21 22:21:22.682350. 
2025-11-21 22:23:22.669839 -> Error: USB_MUTE          -> No se recibieron más datos de la máquina. Máquina apagada o desconectada. Último dato recibido: 2025-11-21 22:22:22.685252. 
2025-11-21 22:35:22.694215 -> Error: USB_MUTE          -> No se recibieron más datos de la máquina. Máquina apagada o desconectada. Último dato recibido: 2025-11-21 22:34:22.688848. 
2025-11-21 22:36:22.698781 -> Error: USB_MUTE          -> No se recibieron más datos de la máquina. Máquina apagada o desconectada. Último dato recibido: 2025-11-21 22:35:22.793781. 
2025-11-21 22:37:22.695138 -> Error: USB_MUTE          -> No se recibieron más datos de la máquina. Máquina apagada o desconectada. Último dato recibido: 2025-11-21 22:36:22.714471. 
2025-11-21 22:38:22.702201 -> Error: USB_MUTE          -> No se recibieron más datos de la máquina. Máquina apagada o desconectada. Último dato recibido: 2025-11-21 22:37:22.713853. 
2025-11-21 22:41:22.710722 -> Error: USB_MUTE          -> No se recibieron más datos de la máquina. Máquina apagada o desconectada. Último dato recibido: 2025-11-21 22:40:22.706623. 
2025-11-21 22:42:22.713546 -> Error: USB_MUTE          -> No se recibieron más datos de la máquina. Máquina apagada o desconectada. Último dato recibido: 2025-11-21 22:41:22.844231. 
2025-11-21 22:43:22.705916 -> Error: USB_MUTE          -> No se recibieron más datos de la máquina. Máquina apagada o desconectada. Último dato recibido: 2025-11-21 22:42:22.730701. 
2025-11-21 22:44:22.712873 -> Error: USB_MUTE          -> No se recibieron más datos de la máquina. Máquina apagada o desconectada. Último dato recibido: 2025-11-21 22:43:22.722066. 
2025-11-21 22:45:22.722162 -> Error: USB_MUTE          -> No se recibieron más datos de la máquina. Máquina apagada o desconectada. Último dato recibido: 2025-11-21 22:44:22.733577. 
2025-11-21 22:55:22.744789 -> Error: USB_MUTE          -> No se recibieron más datos de la máquina. Máquina apagada o desconectada. Último dato recibido: 2025-11-21 22:54:22.730025. 
2025-11-21 22:56:22.746281 -> Error: USB_MUTE          -> No se recibieron más datos de la máquina. Máquina apagada o desconectada. Último dato recibido: 2025-11-21 22:55:22.747797. 
2025-11-21 23:02:22.747553 -> Error: USB_MUTE          -> No se recibieron más datos de la máquina. Máquina apagada o desconectada. Último dato recibido: 2025-11-21 23:01:22.750987. 
2025-11-21 23:03:22.755772 -> Error: USB_MUTE          -> No se recibieron más datos de la máquina. Máquina apagada o desconectada. Último dato recibido: 2025-11-21 23:02:22.825493. 
2025-11-21 23:10:22.767610 -> Error: USB_MUTE          -> No se recibieron más datos de la máquina. Máquina apagada o desconectada. Último dato recibido: 2025-11-21 23:09:22.777281. 
2025-11-21 23:11:22.766395 -> Error: USB_MUTE          -> No se recibieron más datos de la máquina. Máquina apagada o desconectada. Último dato recibido: 2025-11-21 23:10:22.889775. 
2025-11-21 23:12:22.780767 -> Error: USB_MUTE          -> No se recibieron más datos de la máquina. Máquina apagada o desconectada. Último dato recibido: 2025-11-21 23:11:22.798690. 
2025-11-21 23:13:22.782048 -> Error: USB_MUTE          -> No se recibieron más datos de la máquina. Máquina apagada o desconectada. Último dato recibido: 2025-11-21 23:12:22.796459. 
2025-11-21 23:14:22.784616 -> Error: USB_MUTE          -> No se recibieron más datos de la máquina. Máquina apagada o desconectada. Último dato recibido: 2025-11-21 23:13:22.797688. 
2025-11-21 23:15:22.782324 -> Error: USB_MUTE          -> No se recibieron más datos de la máquina. Máquina apagada o desconectada. Último dato recibido: 2025-11-21 23:14:22.799169. 
2025-11-21 23:16:22.791324 -> Error: USB_MUTE          -> No se recibieron más datos de la máquina. Máquina apagada o desconectada. Último dato recibido: 2025-11-21 23:15:22.801493. 
2025-11-21 23:17:22.786770 -> Error: USB_MUTE          -> No se recibieron más datos de la máquina. Máquina apagada o desconectada. Último dato recibido: 2025-11-21 23:16:22.805984. 
2025-11-21 23:18:22.797521 -> Error: USB_MUTE          -> No se recibieron más datos de la máquina. Máquina apagada o desconectada. Último dato recibido: 2025-11-21 23:17:22.811428. 
2025-11-21 23:19:22.797230 -> Error: USB_MUTE          -> No se recibieron más datos de la máquina. Máquina apagada o desconectada. Último dato recibido: 2025-11-21 23:18:22.803528. 
2025-11-21 23:20:22.797869 -> Error: USB_MUTE          -> No se recibieron más datos de la máquina. Máquina apagada o desconectada. Último dato recibido: 2025-11-21 23:19:22.801738. 
2025-11-21 23:21:22.800241 -> Error: USB_MUTE          -> No se recibieron más datos de la máquina. Máquina apagada o desconectada. Último dato recibido: 2025-11-21 23:20:22.814973. 
2025-11-21 23:22:22.795732 -> Error: USB_MUTE          -> No se recibieron más datos de la máquina. Máquina apagada o desconectada. Último dato recibido: 2025-11-21 23:21:22.821441. 
2025-11-21 23:23:22.808113 -> Error: USB_MUTE          -> No se recibieron más datos de la máquina. Máquina apagada o desconectada. Último dato recibido: 2025-11-21 23:22:22.825899. 
2025-11-21 23:25:22.812558 -> Error: USB_MUTE          -> No se recibieron más datos de la máquina. Máquina apagada o desconectada. Último dato recibido: 2025-11-21 23:24:22.802080. 
2025-11-21 23:26:22.810874 -> Error: USB_MUTE          -> No se recibieron más datos de la máquina. Máquina apagada o desconectada. Último dato recibido: 2025-11-21 23:25:22.894096. 
2025-11-21 23:27:22.816524 -> Error: USB_MUTE          -> No se recibieron más datos de la máquina. Máquina apagada o desconectada. Último dato recibido: 2025-11-21 23:26:22.830078. 
2025-11-21 23:28:22.814687 -> Error: USB_MUTE          -> No se recibieron más datos de la máquina. Máquina apagada o desconectada. Último dato recibido: 2025-11-21 23:27:22.832738. 
2025-11-21 23:29:22.815086 -> Error: USB_MUTE          -> No se recibieron más datos de la máquina. Máquina apagada o desconectada. Último dato recibido: 2025-11-21 23:28:22.826695. 
2025-11-21 23:30:22.823481 -> Error: USB_MUTE          -> No se recibieron más datos de la máquina. Máquina apagada o desconectada. Último dato recibido: 2025-11-21 23:29:22.825101. 
2025-11-21 23:31:22.821133 -> Error: USB_MUTE          -> No se recibieron más datos de la máquina. Máquina apagada o desconectada. Último dato recibido: 2025-11-21 23:30:22.828509. 
2025-11-21 23:32:22.815048 -> Error: USB_MUTE          -> No se recibieron más datos de la máquina. Máquina apagada o desconectada. Último dato recibido: 2025-11-21 23:31:22.830234. 
2025-11-21 23:34:22.820439 -> Error: USB_MUTE          -> No se recibieron más datos de la máquina. Máquina apagada o desconectada. Último dato recibido: 2025-11-21 23:33:22.823147. 
2025-11-21 23:37:22.831422 -> Error: USB_MUTE          -> No se recibieron más datos de la máquina. Máquina apagada o desconectada. Último dato recibido: 2025-11-21 23:36:22.837982. 
2025-11-21 23:37:22.976208 -> Error: USB_MUTE          -> No se recibieron más datos de la máquina. Máquina apagada o desconectada. Último dato recibido: 2025-11-21 23:37:22.960586. 
2025-11-21 23:37:22.991834 -> Error: USB_MUTE          -> No se recibieron más datos de la máquina. Máquina apagada o desconectada. Último dato recibido: 2025-11-21 23:37:22.976208. 
2025-11-21 23:37:22.991834 -> Error: USB_MUTE          -> No se recibieron más datos de la máquina. Máquina apagada o desconectada. Último dato recibido: 2025-11-21 23:37:22.991834. 
2025-11-21 23:37:23.007505 -> Error: USB_MUTE          -> No se recibieron más datos de la máquina. Máquina apagada o desconectada. Último dato recibido: 2025-11-21 23:37:22.991834. 
2025-11-21 23:37:23.007505 -> Error: USB_MUTE          -> No se recibieron más datos de la máquina. Máquina apagada o desconectada. Último dato recibido: 2025-11-21 23:37:23.007505. 
2025-11-21 23:38:22.841138 -> Error: USB_MUTE          -> No se recibieron más datos de la máquina. Máquina apagada o desconectada. Último dato recibido: 2025-11-21 23:37:23.007505. 
2025-11-21 23:38:22.855340 -> Error: USB_MUTE          -> No se recibieron más datos de la máquina. Máquina apagada o desconectada. Último dato recibido: 2025-11-21 23:38:22.841138. 
2025-11-21 23:38:22.855340 -> Error: USB_MUTE          -> No se recibieron más datos de la máquina. Máquina apagada o desconectada. Último dato recibido: 2025-11-21 23:38:22.855340. 
2025-11-21 23:38:22.871485 -> Error: USB_MUTE          -> No se recibieron más datos de la máquina. Máquina apagada o desconectada. Último dato recibido: 2025-11-21 23:38:22.865367. 
2025-11-21 23:38:22.871485 -> Error: USB_MUTE          -> No se recibieron más datos de la máquina. Máquina apagada o desconectada. Último dato recibido: 2025-11-21 23:38:22.871485. 
2025-11-21 23:39:22.836018 -> Error: USB_MUTE          -> No se recibieron más datos de la máquina. Máquina apagada o desconectada. Último dato recibido: 2025-11-21 23:38:22.871485. 
2025-11-21 23:39:22.849526 -> Error: USB_MUTE          -> No se recibieron más datos de la máquina. Máquina apagada o desconectada. Último dato recibido: 2025-11-21 23:39:22.849526. 
2025-11-21 23:39:22.866267 -> Error: USB_MUTE          -> No se recibieron más datos de la máquina. Máquina apagada o desconectada. Último dato recibido: 2025-11-21 23:39:22.849526. 
2025-11-21 23:39:22.867294 -> Error: USB_MUTE          -> No se recibieron más datos de la máquina. Máquina apagada o desconectada. Último dato recibido: 2025-11-21 23:39:22.867294. 
2025-11-21 23:39:22.882901 -> Error: USB_MUTE          -> No se recibieron más datos de la máquina. Máquina apagada o desconectada. Último dato recibido: 2025-11-21 23:39:22.867294. 
2025-11-21 23:40:22.848212 -> Error: USB_MUTE          -> No se recibieron más datos de la máquina. Máquina apagada o desconectada. Último dato recibido: 2025-11-21 23:39:22.882901. 
2025-11-21 23:40:22.848212 -> Error: USB_MUTE          -> No se recibieron más datos de la máquina. Máquina apagada o desconectada. Último dato recibido: 2025-11-21 23:40:22.848212. 
2025-11-21 23:40:22.867471 -> Error: USB_MUTE          -> No se recibieron más datos de la máquina. Máquina apagada o desconectada. Último dato recibido: 2025-11-21 23:40:22.860272. 
2025-11-21 23:40:22.867471 -> Error: USB_MUTE          -> No se recibieron más datos de la máquina. Máquina apagada o desconectada. Último dato recibido: 2025-11-21 23:40:22.867471. 
2025-11-21 23:40:22.881563 -> Error: USB_MUTE          -> No se recibieron más datos de la máquina. Máquina apagada o desconectada. Último dato recibido: 2025-11-21 23:40:22.867471. 
2025-11-21 23:41:22.839685 -> Error: USB_MUTE          -> No se recibieron más datos de la máquina. Máquina apagada o desconectada. Último dato recibido: 2025-11-21 23:40:22.881563. 
2025-11-21 23:41:22.862446 -> Error: USB_MUTE          -> No se recibieron más datos de la máquina. Máquina apagada o desconectada. Último dato recibido: 2025-11-21 23:41:22.839685. 
2025-11-21 23:41:22.862446 -> Error: USB_MUTE          -> No se recibieron más datos de la máquina. Máquina apagada o desconectada. Último dato recibido: 2025-11-21 23:41:22.862446. 
2025-11-21 23:41:22.872954 -> Error: USB_MUTE          -> No se recibieron más datos de la máquina. Máquina apagada o desconectada. Último dato recibido: 2025-11-21 23:41:22.872954. 
2025-11-21 23:41:22.888611 -> Error: USB_MUTE          -> No se recibieron más datos de la máquina. Máquina apagada o desconectada. Último dato recibido: 2025-11-21 23:41:22.872954. 
2025-11-21 23:42:22.847375 -> Error: USB_MUTE          -> No se recibieron más datos de la máquina. Máquina apagada o desconectada. Último dato recibido: 2025-11-21 23:41:22.890141. 
2025-11-21 23:42:22.863596 -> Error: USB_MUTE          -> No se recibieron más datos de la máquina. Máquina apagada o desconectada. Último dato recibido: 2025-11-21 23:42:22.847375. 
2025-11-21 23:42:22.868198 -> Error: USB_MUTE          -> No se recibieron más datos de la máquina. Máquina apagada o desconectada. Último dato recibido: 2025-11-21 23:42:22.863596. 
2025-11-21 23:42:22.880782 -> Error: USB_MUTE          -> No se recibieron más datos de la máquina. Máquina apagada o desconectada. Último dato recibido: 2025-11-21 23:42:22.874224. 
2025-11-21 23:42:22.880782 -> Error: USB_MUTE          -> No se recibieron más datos de la máquina. Máquina apagada o desconectada. Último dato recibido: 2025-11-21 23:42:22.880782. 
2025-11-21 23:43:22.854304 -> Error: USB_MUTE          -> No se recibieron más datos de la máquina. Máquina apagada o desconectada. Último dato recibido: 2025-11-21 23:42:22.880782. 
2025-11-21 23:43:22.866372 -> Error: USB_MUTE          -> No se recibieron más datos de la máquina. Máquina apagada o desconectada. Último dato recibido: 2025-11-21 23:43:22.854304. 
2025-11-21 23:43:22.866372 -> Error: USB_MUTE          -> No se recibieron más datos de la máquina. Máquina apagada o desconectada. Último dato recibido: 2025-11-21 23:43:22.866372. 
2025-11-21 23:43:22.881424 -> Error: USB_MUTE          -> No se recibieron más datos de la máquina. Máquina apagada o desconectada. Último dato recibido: 2025-11-21 23:43:22.866372. 
2025-11-21 23:43:22.887451 -> Error: USB_MUTE          -> No se recibieron más datos de la máquina. Máquina apagada o desconectada. Último dato recibido: 2025-11-21 23:43:22.881424. 
2025-11-21 23:44:22.845963 -> Error: USB_MUTE          -> No se recibieron más datos de la máquina. Máquina apagada o desconectada. Último dato recibido: 2025-11-21 23:43:22.887451. 
2025-11-21 23:44:22.865788 -> Error: USB_MUTE          -> No se recibieron más datos de la máquina. Máquina apagada o desconectada. Último dato recibido: 2025-11-21 23:44:22.861624. 
2025-11-21 23:44:22.876319 -> Error: USB_MUTE          -> No se recibieron más datos de la máquina. Máquina apagada o desconectada. Último dato recibido: 2025-11-21 23:44:22.865788. 
2025-11-21 23:44:22.876319 -> Error: USB_MUTE          -> No se recibieron más datos de la máquina. Máquina apagada o desconectada. Último dato recibido: 2025-11-21 23:44:22.876319. 
2025-11-21 23:44:22.892011 -> Error: USB_MUTE          -> No se recibieron más datos de la máquina. Máquina apagada o desconectada. Último dato recibido: 2025-11-21 23:44:22.876319. 
2025-11-21 23:45:22.857783 -> Error: USB_MUTE          -> No se recibieron más datos de la máquina. Máquina apagada o desconectada. Último dato recibido: 2025-11-21 23:44:22.897540. 
2025-11-21 23:45:22.863291 -> Error: USB_MUTE          -> No se recibieron más datos de la máquina. Máquina apagada o desconectada. Último dato recibido: 2025-11-21 23:45:22.863291. 
2025-11-21 23:45:22.878982 -> Error: USB_MUTE          -> No se recibieron más datos de la máquina. Máquina apagada o desconectada. Último dato recibido: 2025-11-21 23:45:22.863291. 
2025-11-21 23:45:22.888089 -> Error: USB_MUTE          -> No se recibieron más datos de la máquina. Máquina apagada o desconectada. Último dato recibido: 2025-11-21 23:45:22.878982. 
2025-11-21 23:45:22.896647 -> Error: USB_MUTE          -> No se recibieron más datos de la máquina. Máquina apagada o desconectada. Último dato recibido: 2025-11-21 23:45:22.888089. 
2025-11-21 23:46:22.863609 -> Error: USB_MUTE          -> No se recibieron más datos de la máquina. Máquina apagada o desconectada. Último dato recibido: 2025-11-21 23:45:22.896647. 
2025-11-21 23:46:22.863609 -> Error: USB_MUTE          -> No se recibieron más datos de la máquina. Máquina apagada o desconectada. Último dato recibido: 2025-11-21 23:46:22.863609. 
2025-11-21 23:46:22.878147 -> Error: USB_MUTE          -> No se recibieron más datos de la máquina. Máquina apagada o desconectada. Último dato recibido: 2025-11-21 23:46:22.863609. 
2025-11-21 23:46:22.878147 -> Error: USB_MUTE          -> No se recibieron más datos de la máquina. Máquina apagada o desconectada. Último dato recibido: 2025-11-21 23:46:22.878147. 
2025-11-21 23:46:22.893787 -> Error: USB_MUTE          -> No se recibieron más datos de la máquina. Máquina apagada o desconectada. Último dato recibido: 2025-11-21 23:46:22.878147. 
2025-11-21 23:47:22.856474 -> Error: USB_MUTE          -> No se recibieron más datos de la máquina. Máquina apagada o desconectada. Último dato recibido: 2025-11-21 23:46:22.893787. 
2025-11-21 23:47:22.872115 -> Error: USB_MUTE          -> No se recibieron más datos de la máquina. Máquina apagada o desconectada. Último dato recibido: 2025-11-21 23:47:22.856474. 
2025-11-21 23:47:22.882721 -> Error: USB_MUTE          -> No se recibieron más datos de la máquina. Máquina apagada o desconectada. Último dato recibido: 2025-11-21 23:47:22.872115. 
2025-11-21 23:47:22.889780 -> Error: USB_MUTE          -> No se recibieron más datos de la máquina. Máquina apagada o desconectada. Último dato recibido: 2025-11-21 23:47:22.882721. 
2025-11-21 23:47:22.889780 -> Error: USB_MUTE          -> No se recibieron más datos de la máquina. Máquina apagada o desconectada. Último dato recibido: 2025-11-21 23:47:22.889780. 
2025-11-21 23:48:22.864950 -> Error: USB_MUTE          -> No se recibieron más datos de la máquina. Máquina apagada o desconectada. Último dato recibido: 2025-11-21 23:47:22.889780. 
2025-11-21 23:48:22.870523 -> Error: USB_MUTE          -> No se recibieron más datos de la máquina. Máquina apagada o desconectada. Último dato recibido: 2025-11-21 23:48:22.870523. 
2025-11-21 23:48:22.882604 -> Error: USB_MUTE          -> No se recibieron más datos de la máquina. Máquina apagada o desconectada. Último dato recibido: 2025-11-21 23:48:22.878047. 
2025-11-21 23:48:22.882604 -> Error: USB_MUTE          -> No se recibieron más datos de la máquina. Máquina apagada o desconectada. Último dato recibido: 2025-11-21 23:48:22.882604. 
2025-11-21 23:48:22.901269 -> Error: USB_MUTE          -> No se recibieron más datos de la máquina. Máquina apagada o desconectada. Último dato recibido: 2025-11-21 23:48:22.882604. 
2025-11-21 23:49:22.867923 -> Error: USB_MUTE          -> No se recibieron más datos de la máquina. Máquina apagada o desconectada. Último dato recibido: 2025-11-21 23:48:22.901269. 
2025-11-21 23:49:22.876482 -> Error: USB_MUTE          -> No se recibieron más datos de la máquina. Máquina apagada o desconectada. Último dato recibido: 2025-11-21 23:49:22.867923. 
2025-11-21 23:49:22.876482 -> Error: USB_MUTE          -> No se recibieron más datos de la máquina. Máquina apagada o desconectada. Último dato recibido: 2025-11-21 23:49:22.876482. 
2025-11-21 23:49:22.894740 -> Error: USB_MUTE          -> No se recibieron más datos de la máquina. Máquina apagada o desconectada. Último dato recibido: 2025-11-21 23:49:22.876482. 
2025-11-21 23:49:22.901337 -> Error: USB_MUTE          -> No se recibieron más datos de la máquina. Máquina apagada o desconectada. Último dato recibido: 2025-11-21 23:49:22.894740. 
2025-11-21 23:50:22.864452 -> Error: USB_MUTE          -> No se recibieron más datos de la máquina. Máquina apagada o desconectada. Último dato recibido: 2025-11-21 23:49:22.908864. 
2025-11-21 23:50:22.879995 -> Error: USB_MUTE          -> No se recibieron más datos de la máquina. Máquina apagada o desconectada. Último dato recibido: 2025-11-21 23:50:22.864452. 
2025-11-21 23:50:22.884046 -> Error: USB_MUTE          -> No se recibieron más datos de la máquina. Máquina apagada o desconectada. Último dato recibido: 2025-11-21 23:50:22.884046. 
2025-11-21 23:50:22.897622 -> Error: USB_MUTE          -> No se recibieron más datos de la máquina. Máquina apagada o desconectada. Último dato recibido: 2025-11-21 23:50:22.884046. 
2025-11-21 23:50:22.897622 -> Error: USB_MUTE          -> No se recibieron más datos de la máquina. Máquina apagada o desconectada. Último dato recibido: 2025-11-21 23:50:22.897622. 
2025-11-21 23:51:22.874907 -> Error: USB_MUTE          -> No se recibieron más datos de la máquina. Máquina apagada o desconectada. Último dato recibido: 2025-11-21 23:50:22.910651. 
2025-11-21 23:51:22.882552 -> Error: USB_MUTE          -> No se recibieron más datos de la máquina. Máquina apagada o desconectada. Último dato recibido: 2025-11-21 23:51:22.874907. 
2025-11-21 23:51:22.882552 -> Error: USB_MUTE          -> No se recibieron más datos de la máquina. Máquina apagada o desconectada. Último dato recibido: 2025-11-21 23:51:22.882552. 
2025-11-21 23:51:22.899265 -> Error: USB_MUTE          -> No se recibieron más datos de la máquina. Máquina apagada o desconectada. Último dato recibido: 2025-11-21 23:51:22.882552. 
2025-11-21 23:51:22.908291 -> Error: USB_MUTE          -> No se recibieron más datos de la máquina. Máquina apagada o desconectada. Último dato recibido: 2025-11-21 23:51:22.899265. 
2025-11-21 23:52:22.866449 -> Error: USB_MUTE          -> No se recibieron más datos de la máquina. Máquina apagada o desconectada. Último dato recibido: 2025-11-21 23:51:22.908291. 
2025-11-21 23:52:22.879989 -> Error: USB_MUTE          -> No se recibieron más datos de la máquina. Máquina apagada o desconectada. Último dato recibido: 2025-11-21 23:52:22.879989. 
2025-11-21 23:52:22.890597 -> Error: USB_MUTE          -> No se recibieron más datos de la máquina. Máquina apagada o desconectada. Último dato recibido: 2025-11-21 23:52:22.879989. 
2025-11-21 23:52:22.899655 -> Error: USB_MUTE          -> No se recibieron más datos de la máquina. Máquina apagada o desconectada. Último dato recibido: 2025-11-21 23:52:22.898125. 
2025-11-21 23:52:22.914261 -> Error: USB_MUTE          -> No se recibieron más datos de la máquina. Máquina apagada o desconectada. Último dato recibido: 2025-11-21 23:52:22.899655. 
2025-11-21 23:53:22.868177 -> Error: USB_MUTE          -> No se recibieron más datos de la máquina. Máquina apagada o desconectada. Último dato recibido: 2025-11-21 23:52:22.914261. 
2025-11-21 23:53:22.887415 -> Error: USB_MUTE          -> No se recibieron más datos de la máquina. Máquina apagada o desconectada. Último dato recibido: 2025-11-21 23:53:22.882204. 
2025-11-21 23:53:22.887415 -> Error: USB_MUTE          -> No se recibieron más datos de la máquina. Máquina apagada o desconectada. Último dato recibido: 2025-11-21 23:53:22.887415. 
2025-11-21 23:53:22.901528 -> Error: USB_MUTE          -> No se recibieron más datos de la máquina. Máquina apagada o desconectada. Último dato recibido: 2025-11-21 23:53:22.887415. 
2025-11-21 23:53:22.916126 -> Error: USB_MUTE          -> No se recibieron más datos de la máquina. Máquina apagada o desconectada. Último dato recibido: 2025-11-21 23:53:22.901528. 
2025-11-21 23:54:22.877570 -> Error: USB_MUTE          -> No se recibieron más datos de la máquina. Máquina apagada o desconectada. Último dato recibido: 2025-11-21 23:53:22.917677. 
2025-11-21 23:54:22.877570 -> Error: USB_MUTE          -> No se recibieron más datos de la máquina. Máquina apagada o desconectada. Último dato recibido: 2025-11-21 23:54:22.877570. 
2025-11-21 23:54:22.898426 -> Error: USB_MUTE          -> No se recibieron más datos de la máquina. Máquina apagada o desconectada. Último dato recibido: 2025-11-21 23:54:22.877570. 
2025-11-21 23:54:22.898426 -> Error: USB_MUTE          -> No se recibieron más datos de la máquina. Máquina apagada o desconectada. Último dato recibido: 2025-11-21 23:54:22.898426. 
2025-11-21 23:54:22.910974 -> Error: USB_MUTE          -> No se recibieron más datos de la máquina. Máquina apagada o desconectada. Último dato recibido: 2025-11-21 23:54:22.910974. 
2025-11-21 23:55:22.883058 -> Error: USB_MUTE          -> No se recibieron más datos de la máquina. Máquina apagada o desconectada. Último dato recibido: 2025-11-21 23:54:22.910974. 
2025-11-21 23:55:22.883058 -> Error: USB_MUTE          -> No se recibieron más datos de la máquina. Máquina apagada o desconectada. Último dato recibido: 2025-11-21 23:55:22.883058. 
2025-11-21 23:55:22.903303 -> Error: USB_MUTE          -> No se recibieron más datos de la máquina. Máquina apagada o desconectada. Último dato recibido: 2025-11-21 23:55:22.883058. 
2025-11-21 23:55:22.903303 -> Error: USB_MUTE          -> No se recibieron más datos de la máquina. Máquina apagada o desconectada. Último dato recibido: 2025-11-21 23:55:22.903303. 
2025-11-21 23:55:22.916431 -> Error: USB_MUTE          -> No se recibieron más datos de la máquina. Máquina apagada o desconectada. Último dato recibido: 2025-11-21 23:55:22.903303. 
2025-11-21 23:56:22.887088 -> Error: USB_MUTE          -> No se recibieron más datos de la máquina. Máquina apagada o desconectada. Último dato recibido: 2025-11-21 23:55:22.916431. 
2025-11-21 23:56:22.891196 -> Error: USB_MUTE          -> No se recibieron más datos de la máquina. Máquina apagada o desconectada. Último dato recibido: 2025-11-21 23:56:22.887088. 
2025-11-21 23:56:22.901704 -> Error: USB_MUTE          -> No se recibieron más datos de la máquina. Máquina apagada o desconectada. Último dato recibido: 2025-11-21 23:56:22.891196. 
2025-11-21 23:56:22.901704 -> Error: USB_MUTE          -> No se recibieron más datos de la máquina. Máquina apagada o desconectada. Último dato recibido: 2025-11-21 23:56:22.901704. 
2025-11-21 23:56:22.917345 -> Error: USB_MUTE          -> No se recibieron más datos de la máquina. Máquina apagada o desconectada. Último dato recibido: 2025-11-21 23:56:22.901704. 
2025-11-21 23:57:22.879800 -> Error: USB_MUTE          -> No se recibieron más datos de la máquina. Máquina apagada o desconectada. Último dato recibido: 2025-11-21 23:56:22.924375. 
2025-11-21 23:57:22.898004 -> Error: USB_MUTE          -> No se recibieron más datos de la máquina. Máquina apagada o desconectada. Último dato recibido: 2025-11-21 23:57:22.879800. 
2025-11-21 23:57:22.902100 -> Error: USB_MUTE          -> No se recibieron más datos de la máquina. Máquina apagada o desconectada. Último dato recibido: 2025-11-21 23:57:22.898004. 
2025-11-21 23:57:22.913254 -> Error: USB_MUTE          -> No se recibieron más datos de la máquina. Máquina apagada o desconectada. Último dato recibido: 2025-11-21 23:57:22.902100. 
2025-11-21 23:57:22.923344 -> Error: USB_MUTE          -> No se recibieron más datos de la máquina. Máquina apagada o desconectada. Último dato recibido: 2025-11-21 23:57:22.913254. 
2025-11-21 23:58:22.879457 -> Error: USB_MUTE          -> No se recibieron más datos de la máquina. Máquina apagada o desconectada. Último dato recibido: 2025-11-21 23:57:22.923344. 
2025-11-21 23:58:22.896224 -> Error: USB_MUTE          -> No se recibieron más datos de la máquina. Máquina apagada o desconectada. Último dato recibido: 2025-11-21 23:58:22.879457. 
2025-11-21 23:58:22.904261 -> Error: USB_MUTE          -> No se recibieron más datos de la máquina. Máquina apagada o desconectada. Último dato recibido: 2025-11-21 23:58:22.896224. 
2025-11-21 23:58:22.912820 -> Error: USB_MUTE          -> No se recibieron más datos de la máquina. Máquina apagada o desconectada. Último dato recibido: 2025-11-21 23:58:22.904261. 
2025-11-21 23:58:22.912820 -> Error: USB_MUTE          -> No se recibieron más datos de la máquina. Máquina apagada o desconectada. Último dato recibido: 2025-11-21 23:58:22.912820. 
2025-11-21 23:59:22.891789 -> Error: USB_MUTE          -> No se recibieron más datos de la máquina. Máquina apagada o desconectada. Último dato recibido: 2025-11-21 23:58:22.929521. 
2025-11-21 23:59:22.900800 -> Error: USB_MUTE          -> No se recibieron más datos de la máquina. Máquina apagada o desconectada. Último dato recibido: 2025-11-21 23:59:22.891789. 
2025-11-21 23:59:22.900800 -> Error: USB_MUTE          -> No se recibieron más datos de la máquina. Máquina apagada o desconectada. Último dato recibido: 2025-11-21 23:59:22.900800. 
2025-11-21 23:59:22.917512 -> Error: USB_MUTE          -> No se recibieron más datos de la máquina. Máquina apagada o desconectada. Último dato recibido: 2025-11-21 23:59:22.900800. 
2025-11-21 23:59:22.922040 -> Error: USB_MUTE          -> No se recibieron más datos de la máquina. Máquina apagada o desconectada. Último dato recibido: 2025-11-21 23:59:22.922040. 
2025-11-22 00:00:22.892063 -> Error: USB_MUTE          -> No se recibieron más datos de la máquina. Máquina apagada o desconectada. Último dato recibido: 2025-11-21 23:59:22.922040. 
2025-11-22 00:00:22.904119 -> Error: USB_MUTE          -> No se recibieron más datos de la máquina. Máquina apagada o desconectada. Último dato recibido: 2025-11-22 00:00:22.892063. 
2025-11-22 00:00:22.909678 -> Error: USB_MUTE          -> No se recibieron más datos de la máquina. Máquina apagada o desconectada. Último dato recibido: 2025-11-22 00:00:22.904119. 
2025-11-22 00:00:22.909678 -> Error: USB_MUTE          -> No se recibieron más datos de la máquina. Máquina apagada o desconectada. Último dato recibido: 2025-11-22 00:00:22.909678. 
2025-11-22 00:00:22.925881 -> Error: USB_MUTE          -> No se recibieron más datos de la máquina. Máquina apagada o desconectada. Último dato recibido: 2025-11-22 00:00:22.909678. 
2025-11-22 00:01:22.892327 -> Error: USB_MUTE          -> No se recibieron más datos de la máquina. Máquina apagada o desconectada. Último dato recibido: 2025-11-22 00:00:22.925881. 
2025-11-22 00:01:22.901436 -> Error: USB_MUTE          -> No se recibieron más datos de la máquina. Máquina apagada o desconectada. Último dato recibido: 2025-11-22 00:01:22.892327. 
2025-11-22 00:01:22.916047 -> Error: USB_MUTE          -> No se recibieron más datos de la máquina. Máquina apagada o desconectada. Último dato recibido: 2025-11-22 00:01:22.901436. 
2025-11-22 00:01:22.916047 -> Error: USB_MUTE          -> No se recibieron más datos de la máquina. Máquina apagada o desconectada. Último dato recibido: 2025-11-22 00:01:22.916047. 
2025-11-22 00:01:22.931588 -> Error: USB_MUTE          -> No se recibieron más datos de la máquina. Máquina apagada o desconectada. Último dato recibido: 2025-11-22 00:01:22.916047. 
2025-11-22 00:02:22.899771 -> Error: USB_MUTE          -> No se recibieron más datos de la máquina. Máquina apagada o desconectada. Último dato recibido: 2025-11-22 00:01:22.931588. 
2025-11-22 00:02:22.903293 -> Error: USB_MUTE          -> No se recibieron más datos de la máquina. Máquina apagada o desconectada. Último dato recibido: 2025-11-22 00:02:22.899771. 
2025-11-22 00:02:22.918931 -> Error: USB_MUTE          -> No se recibieron más datos de la máquina. Máquina apagada o desconectada. Último dato recibido: 2025-11-22 00:02:22.903293. 
2025-11-22 00:02:22.918931 -> Error: USB_MUTE          -> No se recibieron más datos de la máquina. Máquina apagada o desconectada. Último dato recibido: 2025-11-22 00:02:22.918931. 
2025-11-22 00:02:22.933480 -> Error: USB_MUTE          -> No se recibieron más datos de la máquina. Máquina apagada o desconectada. Último dato recibido: 2025-11-22 00:02:22.918931. 
2025-11-22 00:03:22.899347 -> Error: USB_MUTE          -> No se recibieron más datos de la máquina. Máquina apagada o desconectada. Último dato recibido: 2025-11-22 00:02:22.933480. 
2025-11-22 00:03:22.910424 -> Error: USB_MUTE          -> No se recibieron más datos de la máquina. Máquina apagada o desconectada. Último dato recibido: 2025-11-22 00:03:22.899347. 
2025-11-22 00:03:22.915953 -> Error: USB_MUTE          -> No se recibieron más datos de la máquina. Máquina apagada o desconectada. Último dato recibido: 2025-11-22 00:03:22.910424. 
2025-11-22 00:03:22.929574 -> Error: USB_MUTE          -> No se recibieron más datos de la máquina. Máquina apagada o desconectada. Último dato recibido: 2025-11-22 00:03:22.915953. 
2025-11-22 00:03:22.932581 -> Error: USB_MUTE          -> No se recibieron más datos de la máquina. Máquina apagada o desconectada. Último dato recibido: 2025-11-22 00:03:22.929574. 
2025-11-22 00:04:22.905056 -> Error: USB_MUTE          -> No se recibieron más datos de la máquina. Máquina apagada o desconectada. Último dato recibido: 2025-11-22 00:03:22.932581. 
2025-11-22 00:04:22.905056 -> Error: USB_MUTE          -> No se recibieron más datos de la máquina. Máquina apagada o desconectada. Último dato recibido: 2025-11-22 00:04:22.905056. 
2025-11-22 00:04:22.922327 -> Error: USB_MUTE          -> No se recibieron más datos de la máquina. Máquina apagada o desconectada. Último dato recibido: 2025-11-22 00:04:22.905056. 
2025-11-22 00:04:22.922327 -> Error: USB_MUTE          -> No se recibieron más datos de la máquina. Máquina apagada o desconectada. Último dato recibido: 2025-11-22 00:04:22.922327. 
2025-11-22 00:04:22.938455 -> Error: USB_MUTE          -> No se recibieron más datos de la máquina. Máquina apagada o desconectada. Último dato recibido: 2025-11-22 00:04:22.922327. 
2025-11-22 00:05:22.896903 -> Error: USB_MUTE          -> No se recibieron más datos de la máquina. Máquina apagada o desconectada. Último dato recibido: 2025-11-22 00:04:22.938455. 
2025-11-22 00:05:22.916697 -> Error: USB_MUTE          -> No se recibieron más datos de la máquina. Máquina apagada o desconectada. Último dato recibido: 2025-11-22 00:05:22.896903. 
2025-11-22 00:05:22.916697 -> Error: USB_MUTE          -> No se recibieron más datos de la máquina. Máquina apagada o desconectada. Último dato recibido: 2025-11-22 00:05:22.916697. 
2025-11-22 00:05:22.930255 -> Error: USB_MUTE          -> No se recibieron más datos de la máquina. Máquina apagada o desconectada. Último dato recibido: 2025-11-22 00:05:22.916697. 
2025-11-22 00:05:22.930255 -> Error: USB_MUTE          -> No se recibieron más datos de la máquina. Máquina apagada o desconectada. Último dato recibido: 2025-11-22 00:05:22.930255. 
2025-11-22 00:06:22.899087 -> Error: USB_MUTE          -> No se recibieron más datos de la máquina. Máquina apagada o desconectada. Último dato recibido: 2025-11-22 00:05:22.930255. 
2025-11-22 00:06:22.913146 -> Error: USB_MUTE          -> No se recibieron más datos de la máquina. Máquina apagada o desconectada. Último dato recibido: 2025-11-22 00:06:22.899087. 
2025-11-22 00:06:22.913146 -> Error: USB_MUTE          -> No se recibieron más datos de la máquina. Máquina apagada o desconectada. Último dato recibido: 2025-11-22 00:06:22.913146. 
2025-11-22 00:06:22.929294 -> Error: USB_MUTE          -> No se recibieron más datos de la máquina. Máquina apagada o desconectada. Último dato recibido: 2025-11-22 00:06:22.929294. 
2025-11-22 00:06:22.946540 -> Error: USB_MUTE          -> No se recibieron más datos de la máquina. Máquina apagada o desconectada. Último dato recibido: 2025-11-22 00:06:22.929294. 
2025-11-22 00:07:22.902885 -> Error: USB_MUTE          -> No se recibieron más datos de la máquina. Máquina apagada o desconectada. Último dato recibido: 2025-11-22 00:06:22.946540. 
2025-11-22 00:07:22.918541 -> Error: USB_MUTE          -> No se recibieron más datos de la máquina. Máquina apagada o desconectada. Último dato recibido: 2025-11-22 00:07:22.902885. 
2025-11-22 00:07:22.927704 -> Error: USB_MUTE          -> No se recibieron más datos de la máquina. Máquina apagada o desconectada. Último dato recibido: 2025-11-22 00:07:22.918541. 
2025-11-22 00:07:22.936262 -> Error: USB_MUTE          -> No se recibieron más datos de la máquina. Máquina apagada o desconectada. Último dato recibido: 2025-11-22 00:07:22.927704. 
2025-11-22 00:07:22.936262 -> Error: USB_MUTE          -> No se recibieron más datos de la máquina. Máquina apagada o desconectada. Último dato recibido: 2025-11-22 00:07:22.936262. 
2025-11-22 00:08:22.909709 -> Error: USB_MUTE          -> No se recibieron más datos de la máquina. Máquina apagada o desconectada. Último dato recibido: 2025-11-22 00:07:22.936262. 
2025-11-22 00:08:22.916221 -> Error: USB_MUTE          -> No se recibieron más datos de la máquina. Máquina apagada o desconectada. Último dato recibido: 2025-11-22 00:08:22.909709. 
2025-11-22 00:08:22.931876 -> Error: USB_MUTE          -> No se recibieron más datos de la máquina. Máquina apagada o desconectada. Último dato recibido: 2025-11-22 00:08:22.916221. 
2025-11-22 00:08:22.940021 -> Error: USB_MUTE          -> No se recibieron más datos de la máquina. Máquina apagada o desconectada. Último dato recibido: 2025-11-22 00:08:22.933920. 
2025-11-22 00:08:22.949600 -> Error: USB_MUTE          -> No se recibieron más datos de la máquina. Máquina apagada o desconectada. Último dato recibido: 2025-11-22 00:08:22.940021. 
2025-11-22 00:09:22.911159 -> Error: USB_MUTE          -> No se recibieron más datos de la máquina. Máquina apagada o desconectada. Último dato recibido: 2025-11-22 00:08:22.949600. 
2025-11-22 00:09:22.920689 -> Error: USB_MUTE          -> No se recibieron más datos de la máquina. Máquina apagada o desconectada. Último dato recibido: 2025-11-22 00:09:22.911159. 
2025-11-22 00:09:22.935318 -> Error: USB_MUTE          -> No se recibieron más datos de la máquina. Máquina apagada o desconectada. Último dato recibido: 2025-11-22 00:09:22.920689. 
2025-11-22 00:09:22.941413 -> Error: USB_MUTE          -> No se recibieron más datos de la máquina. Máquina apagada o desconectada. Último dato recibido: 2025-11-22 00:09:22.935318. 
2025-11-22 00:09:22.941413 -> Error: USB_MUTE          -> No se recibieron más datos de la máquina. Máquina apagada o desconectada. Último dato recibido: 2025-11-22 00:09:22.941413. 
2025-11-22 00:10:22.918404 -> Error: USB_MUTE          -> No se recibieron más datos de la máquina. Máquina apagada o desconectada. Último dato recibido: 2025-11-22 00:09:22.953941. 
2025-11-22 00:10:22.921935 -> Error: USB_MUTE          -> No se recibieron más datos de la máquina. Máquina apagada o desconectada. Último dato recibido: 2025-11-22 00:10:22.918404. 
2025-11-22 00:10:22.932475 -> Error: USB_MUTE          -> No se recibieron más datos de la máquina. Máquina apagada o desconectada. Último dato recibido: 2025-11-22 00:10:22.921935. 
2025-11-22 00:10:22.945594 -> Error: USB_MUTE          -> No se recibieron más datos de la máquina. Máquina apagada o desconectada. Último dato recibido: 2025-11-22 00:10:22.932475. 
2025-11-22 00:10:22.955243 -> Error: USB_MUTE          -> No se recibieron más datos de la máquina. Máquina apagada o desconectada. Último dato recibido: 2025-11-22 00:10:22.945594. 
2025-11-22 00:11:22.919256 -> Error: USB_MUTE          -> No se recibieron más datos de la máquina. Máquina apagada o desconectada. Último dato recibido: 2025-11-22 00:10:22.955243. 
2025-11-22 00:11:22.921786 -> Error: USB_MUTE          -> No se recibieron más datos de la máquina. Máquina apagada o desconectada. Último dato recibido: 2025-11-22 00:11:22.921786. 
2025-11-22 00:11:22.935313 -> Error: USB_MUTE          -> No se recibieron más datos de la máquina. Máquina apagada o desconectada. Último dato recibido: 2025-11-22 00:11:22.921786. 
2025-11-22 00:11:22.935313 -> Error: USB_MUTE          -> No se recibieron más datos de la máquina. Máquina apagada o desconectada. Último dato recibido: 2025-11-22 00:11:22.935313. 
2025-11-22 00:11:22.952476 -> Error: USB_MUTE          -> No se recibieron más datos de la máquina. Máquina apagada o desconectada. Último dato recibido: 2025-11-22 00:11:22.935313. 
2025-11-22 00:12:22.919931 -> Error: USB_MUTE          -> No se recibieron más datos de la máquina. Máquina apagada o desconectada. Último dato recibido: 2025-11-22 00:11:22.952476. 
2025-11-22 00:12:22.929054 -> Error: USB_MUTE          -> No se recibieron más datos de la máquina. Máquina apagada o desconectada. Último dato recibido: 2025-11-22 00:12:22.919931. 
2025-11-22 00:12:22.937613 -> Error: USB_MUTE          -> No se recibieron más datos de la máquina. Máquina apagada o desconectada. Último dato recibido: 2025-11-22 00:12:22.929054. 
2025-11-22 00:12:22.937613 -> Error: USB_MUTE          -> No se recibieron más datos de la máquina. Máquina apagada o desconectada. Último dato recibido: 2025-11-22 00:12:22.937613. 
2025-11-22 00:12:22.959467 -> Error: USB_MUTE          -> No se recibieron más datos de la máquina. Máquina apagada o desconectada. Último dato recibido: 2025-11-22 00:12:22.937613. 
2025-11-22 00:32:22.954455 -> Error: USB_MUTE          -> No se recibieron más datos de la máquina. Máquina apagada o desconectada. Último dato recibido: 2025-11-22 00:31:22.957846. 
2025-11-22 00:32:23.188213 -> Error: USB_MUTE          -> No se recibieron más datos de la máquina. Máquina apagada o desconectada. Último dato recibido: 2025-11-22 00:32:23.188213. 
2025-11-22 00:32:23.203849 -> Error: USB_MUTE          -> No se recibieron más datos de la máquina. Máquina apagada o desconectada. Último dato recibido: 2025-11-22 00:32:23.188213. 
2025-11-22 00:32:23.208401 -> Error: USB_MUTE          -> No se recibieron más datos de la máquina. Máquina apagada o desconectada. Último dato recibido: 2025-11-22 00:32:23.203849. 
2025-11-22 00:32:23.221488 -> Error: USB_MUTE          -> No se recibieron más datos de la máquina. Máquina apagada o desconectada. Último dato recibido: 2025-11-22 00:32:23.208401. 
2025-11-22 00:32:23.221488 -> Error: USB_MUTE          -> No se recibieron más datos de la máquina. Máquina apagada o desconectada. Último dato recibido: 2025-11-22 00:32:23.221488. 
2025-11-22 00:32:23.241720 -> Error: USB_MUTE          -> No se recibieron más datos de la máquina. Máquina apagada o desconectada. Último dato recibido: 2025-11-22 00:32:23.221488. 
2025-11-22 00:33:22.968920 -> Error: USB_MUTE          -> No se recibieron más datos de la máquina. Máquina apagada o desconectada. Último dato recibido: 2025-11-22 00:32:23.241720. 
2025-11-22 00:33:22.968920 -> Error: USB_MUTE          -> No se recibieron más datos de la máquina. Máquina apagada o desconectada. Último dato recibido: 2025-11-22 00:33:22.968920. 
2025-11-22 00:33:22.981951 -> Error: USB_MUTE          -> No se recibieron más datos de la máquina. Máquina apagada o desconectada. Último dato recibido: 2025-11-22 00:33:22.981951. 
2025-11-22 00:33:22.999177 -> Error: USB_MUTE          -> No se recibieron más datos de la máquina. Máquina apagada o desconectada. Último dato recibido: 2025-11-22 00:33:22.981951. 
2025-11-22 00:33:22.999177 -> Error: USB_MUTE          -> No se recibieron más datos de la máquina. Máquina apagada o desconectada. Último dato recibido: 2025-11-22 00:33:22.999177. 
2025-11-22 01:29:23.091665 -> Error: USB_MUTE          -> No se recibieron más datos de la máquina. Máquina apagada o desconectada. Último dato recibido: 2025-11-22 01:28:23.092443. 
2025-11-22 01:30:23.096227 -> Error: USB_MUTE          -> No se recibieron más datos de la máquina. Máquina apagada o desconectada. Último dato recibido: 2025-11-22 01:29:23.095176. 
2025-11-22 01:49:23.137986 -> Error: USB_MUTE          -> No se recibieron más datos de la máquina. Máquina apagada o desconectada. Último dato recibido: 2025-11-22 01:48:23.137671. 
2025-11-22 01:57:23.156370 -> Error: USB_MUTE          -> No se recibieron más datos de la máquina. Máquina apagada o desconectada. Último dato recibido: 2025-11-22 01:56:23.155517. 
2025-11-22 01:58:23.149329 -> Error: USB_MUTE          -> No se recibieron más datos de la máquina. Máquina apagada o desconectada. Último dato recibido: 2025-11-22 01:57:23.304739. 
2025-11-22 01:59:23.150049 -> Error: USB_MUTE          -> No se recibieron más datos de la máquina. Máquina apagada o desconectada. Último dato recibido: 2025-11-22 01:58:23.164970. 
2025-11-22 02:01:23.159253 -> Error: USB_MUTE          -> No se recibieron más datos de la máquina. Máquina apagada o desconectada. Último dato recibido: 2025-11-22 02:00:23.158740. 
2025-11-22 02:02:23.169120 -> Error: USB_MUTE          -> No se recibieron más datos de la máquina. Máquina apagada o desconectada. Último dato recibido: 2025-11-22 02:01:23.250248. 
2025-11-22 02:03:23.162143 -> Error: USB_MUTE          -> No se recibieron más datos de la máquina. Máquina apagada o desconectada. Último dato recibido: 2025-11-22 02:02:23.185705. 
2025-11-22 02:04:23.170687 -> Error: USB_MUTE          -> No se recibieron más datos de la máquina. Máquina apagada o desconectada. Último dato recibido: 2025-11-22 02:03:23.178691. 
2025-11-22 02:05:23.167262 -> Error: USB_MUTE          -> No se recibieron más datos de la máquina. Máquina apagada o desconectada. Último dato recibido: 2025-11-22 02:04:23.187366. 
2025-11-22 02:06:23.174305 -> Error: USB_MUTE          -> No se recibieron más datos de la máquina. Máquina apagada o desconectada. Último dato recibido: 2025-11-22 02:05:23.189033. 
2025-11-22 02:07:23.175886 -> Error: USB_MUTE          -> No se recibieron más datos de la máquina. Máquina apagada o desconectada. Último dato recibido: 2025-11-22 02:06:23.195006. 
2025-11-22 02:08:23.171843 -> Error: USB_MUTE          -> No se recibieron más datos de la máquina. Máquina apagada o desconectada. Último dato recibido: 2025-11-22 02:07:23.192050. 
2025-11-22 02:09:23.184818 -> Error: USB_MUTE          -> No se recibieron más datos de la máquina. Máquina apagada o desconectada. Último dato recibido: 2025-11-22 02:08:23.190947. 
2025-11-22 02:10:23.186906 -> Error: USB_MUTE          -> No se recibieron más datos de la máquina. Máquina apagada o desconectada. Último dato recibido: 2025-11-22 02:09:23.202900. 
2025-11-22 02:11:23.181606 -> Error: USB_MUTE          -> No se recibieron más datos de la máquina. Máquina apagada o desconectada. Último dato recibido: 2025-11-22 02:10:23.204094. 
2025-11-22 02:12:23.189054 -> Error: USB_MUTE          -> No se recibieron más datos de la máquina. Máquina apagada o desconectada. Último dato recibido: 2025-11-22 02:11:23.207412. 
2025-11-22 02:13:23.179568 -> Error: USB_MUTE          -> No se recibieron más datos de la máquina. Máquina apagada o desconectada. Último dato recibido: 2025-11-22 02:12:23.194063. 
2025-11-22 02:14:23.190657 -> Error: USB_MUTE          -> No se recibieron más datos de la máquina. Máquina apagada o desconectada. Último dato recibido: 2025-11-22 02:13:23.199629. 
2025-11-22 02:15:23.196295 -> Error: USB_MUTE          -> No se recibieron más datos de la máquina. Máquina apagada o desconectada. Último dato recibido: 2025-11-22 02:14:23.204194. 
2025-11-22 02:16:23.201162 -> Error: USB_MUTE          -> No se recibieron más datos de la máquina. Máquina apagada o desconectada. Último dato recibido: 2025-11-22 02:15:23.212974. 
2025-11-22 02:17:23.200706 -> Error: USB_MUTE          -> No se recibieron más datos de la máquina. Máquina apagada o desconectada. Último dato recibido: 2025-11-22 02:16:23.205690. 
2025-11-22 02:18:23.203441 -> Error: USB_MUTE          -> No se recibieron más datos de la máquina. Máquina apagada o desconectada. Último dato recibido: 2025-11-22 02:17:23.215256. 
2025-11-22 02:19:23.197395 -> Error: USB_MUTE          -> No se recibieron más datos de la máquina. Máquina apagada o desconectada. Último dato recibido: 2025-11-22 02:18:23.219083. 
2025-11-22 02:20:23.195684 -> Error: USB_MUTE          -> No se recibieron más datos de la máquina. Máquina apagada o desconectada. Último dato recibido: 2025-11-22 02:19:23.215034. 
2025-11-22 02:21:23.205401 -> Error: USB_MUTE          -> No se recibieron más datos de la máquina. Máquina apagada o desconectada. Último dato recibido: 2025-11-22 02:20:23.229233. 
2025-11-22 02:22:23.204843 -> Error: USB_MUTE          -> No se recibieron más datos de la máquina. Máquina apagada o desconectada. Último dato recibido: 2025-11-22 02:21:23.222437. 
2025-11-22 02:23:23.214161 -> Error: USB_MUTE          -> No se recibieron más datos de la máquina. Máquina apagada o desconectada. Último dato recibido: 2025-11-22 02:22:23.225936. 
2025-11-22 02:24:23.215624 -> Error: USB_MUTE          -> No se recibieron más datos de la máquina. Máquina apagada o desconectada. Último dato recibido: 2025-11-22 02:23:23.223220. 
2025-11-22 02:25:23.217802 -> Error: USB_MUTE          -> No se recibieron más datos de la máquina. Máquina apagada o desconectada. Último dato recibido: 2025-11-22 02:24:23.231314. 
2025-11-22 02:26:23.221982 -> Error: USB_MUTE          -> No se recibieron más datos de la máquina. Máquina apagada o desconectada. Último dato recibido: 2025-11-22 02:25:23.232343. 
2025-11-22 02:27:23.224124 -> Error: USB_MUTE          -> No se recibieron más datos de la máquina. Máquina apagada o desconectada. Último dato recibido: 2025-11-22 02:26:23.225994. 
2025-11-22 02:28:23.226070 -> Error: USB_MUTE          -> No se recibieron más datos de la máquina. Máquina apagada o desconectada. Último dato recibido: 2025-11-22 02:27:23.243262. 
2025-11-22 02:29:23.221942 -> Error: USB_MUTE          -> No se recibieron más datos de la máquina. Máquina apagada o desconectada. Último dato recibido: 2025-11-22 02:28:23.236602. 
2025-11-22 02:30:23.218934 -> Error: USB_MUTE          -> No se recibieron más datos de la máquina. Máquina apagada o desconectada. Último dato recibido: 2025-11-22 02:29:23.242168. 
2025-11-22 02:31:23.235021 -> Error: USB_MUTE          -> No se recibieron más datos de la máquina. Máquina apagada o desconectada. Último dato recibido: 2025-11-22 02:30:23.249133. 
2025-11-22 03:58:23.431395 -> Error: USB_MUTE          -> No se recibieron más datos de la máquina. Máquina apagada o desconectada. Último dato recibido: 2025-11-22 03:57:23.425232. 
2025-11-22 03:59:23.433791 -> Error: USB_MUTE          -> No se recibieron más datos de la máquina. Máquina apagada o desconectada. Último dato recibido: 2025-11-22 03:58:23.531088. 
2025-11-22 05:11:23.591792 -> Error: USB_MUTE          -> No se recibieron más datos de la máquina. Máquina apagada o desconectada. Último dato recibido: 2025-11-22 05:10:23.591478. 
2025-11-22 05:12:23.598992 -> Error: USB_MUTE          -> No se recibieron más datos de la máquina. Máquina apagada o desconectada. Último dato recibido: 2025-11-22 05:11:23.709913. 
2025-11-22 05:15:23.595686 -> Error: USB_MUTE          -> No se recibieron más datos de la máquina. Máquina apagada o desconectada. Último dato recibido: 2025-11-22 05:14:23.603943. 
2025-11-22 05:16:23.604753 -> Error: USB_MUTE          -> No se recibieron más datos de la máquina. Máquina apagada o desconectada. Último dato recibido: 2025-11-22 05:15:23.728575. 
2025-11-22 05:17:23.605834 -> Error: USB_MUTE          -> No se recibieron más datos de la máquina. Máquina apagada o desconectada. Último dato recibido: 2025-11-22 05:16:23.611261. 
2025-11-22 05:18:23.601171 -> Error: USB_MUTE          -> No se recibieron más datos de la máquina. Máquina apagada o desconectada. Último dato recibido: 2025-11-22 05:17:23.623577. 
2025-11-22 05:19:23.613780 -> Error: USB_MUTE          -> No se recibieron más datos de la máquina. Máquina apagada o desconectada. Último dato recibido: 2025-11-22 05:18:23.617229. 
2025-11-22 05:20:23.616524 -> Error: USB_MUTE          -> No se recibieron más datos de la máquina. Máquina apagada o desconectada. Último dato recibido: 2025-11-22 05:19:23.620815. 
2025-11-22 05:22:23.610355 -> Error: USB_MUTE          -> No se recibieron más datos de la máquina. Máquina apagada o desconectada. Último dato recibido: 2025-11-22 05:21:23.612316. 
2025-11-22 05:23:23.610416 -> Error: USB_MUTE          -> No se recibieron más datos de la máquina. Máquina apagada o desconectada. Último dato recibido: 2025-11-22 05:22:23.700927. 
2025-11-22 05:24:23.614193 -> Error: USB_MUTE          -> No se recibieron más datos de la máquina. Máquina apagada o desconectada. Último dato recibido: 2025-11-22 05:23:23.640669. 
2025-11-22 05:25:23.620062 -> Error: USB_MUTE          -> No se recibieron más datos de la máquina. Máquina apagada o desconectada. Último dato recibido: 2025-11-22 05:24:23.635886. 
2025-11-22 05:26:23.627228 -> Error: USB_MUTE          -> No se recibieron más datos de la máquina. Máquina apagada o desconectada. Último dato recibido: 2025-11-22 05:25:23.636139. 
2025-11-22 05:27:23.622459 -> Error: USB_MUTE          -> No se recibieron más datos de la máquina. Máquina apagada o desconectada. Último dato recibido: 2025-11-22 05:26:23.641762. 
2025-11-22 05:28:23.633350 -> Error: USB_MUTE          -> No se recibieron más datos de la máquina. Máquina apagada o desconectada. Último dato recibido: 2025-11-22 05:27:23.637984. 
2025-11-22 05:29:23.627275 -> Error: USB_MUTE          -> No se recibieron más datos de la máquina. Máquina apagada o desconectada. Último dato recibido: 2025-11-22 05:28:23.649957. 
2025-11-22 05:30:23.629060 -> Error: USB_MUTE          -> No se recibieron más datos de la máquina. Máquina apagada o desconectada. Último dato recibido: 2025-11-22 05:29:23.655549. 
2025-11-22 05:31:23.641796 -> Error: USB_MUTE          -> No se recibieron más datos de la máquina. Máquina apagada o desconectada. Último dato recibido: 2025-11-22 05:30:23.645595. 
2025-11-22 05:32:23.641927 -> Error: USB_MUTE          -> No se recibieron más datos de la máquina. Máquina apagada o desconectada. Último dato recibido: 2025-11-22 05:31:23.655994. 
2025-11-22 05:33:23.646650 -> Error: USB_MUTE          -> No se recibieron más datos de la máquina. Máquina apagada o desconectada. Último dato recibido: 2025-11-22 05:32:23.658499. 
2025-11-22 05:34:23.643009 -> Error: USB_MUTE          -> No se recibieron más datos de la máquina. Máquina apagada o desconectada. Último dato recibido: 2025-11-22 05:33:23.661766. 
2025-11-22 05:35:23.641514 -> Error: USB_MUTE          -> No se recibieron más datos de la máquina. Máquina apagada o desconectada. Último dato recibido: 2025-11-22 05:34:23.654523. 
2025-11-22 05:36:23.653668 -> Error: USB_MUTE          -> No se recibieron más datos de la máquina. Máquina apagada o desconectada. Último dato recibido: 2025-11-22 05:35:23.658238. 
2025-11-22 05:37:23.655692 -> Error: USB_MUTE          -> No se recibieron más datos de la máquina. Máquina apagada o desconectada. Último dato recibido: 2025-11-22 05:36:23.661175. 
2025-11-22 05:38:23.656940 -> Error: USB_MUTE          -> No se recibieron más datos de la máquina. Máquina apagada o desconectada. Último dato recibido: 2025-11-22 05:37:23.673373. 
2025-11-22 05:39:23.653445 -> Error: USB_MUTE          -> No se recibieron más datos de la máquina. Máquina apagada o desconectada. Último dato recibido: 2025-11-22 05:38:23.674180. 
2025-11-22 05:40:23.661419 -> Error: USB_MUTE          -> No se recibieron más datos de la máquina. Máquina apagada o desconectada. Último dato recibido: 2025-11-22 05:39:23.671033. 
2025-11-22 05:41:23.658398 -> Error: USB_MUTE          -> No se recibieron más datos de la máquina. Máquina apagada o desconectada. Último dato recibido: 2025-11-22 05:40:23.678135. 
2025-11-25 05:53:42.120065 -> Error: USB_CONN          -> No se pudo conectar con CH340 (Driver USB de la máquina). could not open port 'COM3': PermissionError(13, 'Acceso denegado.', None, 5)
2025-11-27 23:24:51.025123 -> Error: USB_MUTE          -> No se recibieron más datos de la máquina. Máquina apagada o desconectada. Último dato recibido: 2025-11-27 23:23:51.032226. 
2025-11-27 23:25:51.039118 -> Error: USB_MUTE          -> No se recibieron más datos de la máquina. Máquina apagada o desconectada. Último dato recibido: 2025-11-27 23:24:51.131383. 
2025-11-27 23:26:51.037950 -> Error: USB_MUTE          -> No se recibieron más datos de la máquina. Máquina apagada o desconectada. Último dato recibido: 2025-11-27 23:25:51.054243. 
2025-11-27 23:27:51.042650 -> Error: USB_MUTE          -> No se recibieron más datos de la máquina. Máquina apagada o desconectada. Último dato recibido: 2025-11-27 23:26:51.055064. 
2025-11-27 23:27:51.058214 -> Error: USB_MUTE          -> No se recibieron más datos de la máquina. Máquina apagada o desconectada. Último dato recibido: 2025-11-27 23:27:51.052676. 
2025-11-27 23:27:51.072818 -> Error: USB_MUTE          -> No se recibieron más datos de la máquina. Máquina apagada o desconectada. Último dato recibido: 2025-11-27 23:27:51.058214. 
2025-11-27 23:27:51.073859 -> Error: USB_MUTE          -> No se recibieron más datos de la máquina. Máquina apagada o desconectada. Último dato recibido: 2025-11-27 23:27:51.073859. 
2025-11-27 23:27:51.089465 -> Error: USB_MUTE          -> No se recibieron más datos de la máquina. Máquina apagada o desconectada. Último dato recibido: 2025-11-27 23:27:51.073859. 
2025-12-01 10:53:54.961653 -> Error: USB_MUTE          -> No se recibieron más datos de la máquina. Máquina apagada o desconectada. Último dato recibido: 2025-12-01 10:52:54.953786. 
2025-12-01 11:20:55.026685 -> Error: USB_MUTE          -> No se recibieron más datos de la máquina. Máquina apagada o desconectada. Último dato recibido: 2025-12-01 11:19:55.019077. 
2025-12-02 00:26:54.188665 -> Error: USB_MUTE          -> No se recibieron más datos de la máquina. Máquina apagada o desconectada. Último dato recibido: 2025-12-02 00:25:54.176179. 
2025-12-02 07:52:55.290617 -> Error: USB_MUTE          -> No se recibieron más datos de la máquina. Máquina apagada o desconectada. Último dato recibido: 2025-12-02 07:51:55.287770. 
2025-12-02 07:55:55.284837 -> Error: USB_MUTE          -> No se recibieron más datos de la máquina. Máquina apagada o desconectada. Último dato recibido: 2025-12-02 07:54:55.298617. 
2025-12-02 07:56:55.292793 -> Error: USB_MUTE          -> No se recibieron más datos de la máquina. Máquina apagada o desconectada. Último dato recibido: 2025-12-02 07:55:55.456508. 
2025-12-02 07:57:55.304638 -> Error: USB_MUTE          -> No se recibieron más datos de la máquina. Máquina apagada o desconectada. Último dato recibido: 2025-12-02 07:56:55.319625. 
2025-12-02 07:58:55.305715 -> Error: USB_MUTE          -> No se recibieron más datos de la máquina. Máquina apagada o desconectada. Último dato recibido: 2025-12-02 07:57:55.320330. 
2025-12-02 07:59:55.294990 -> Error: USB_MUTE          -> No se recibieron más datos de la máquina. Máquina apagada o desconectada. Último dato recibido: 2025-12-02 07:58:55.321407. 
2025-12-02 08:04:55.315671 -> Error: USB_MUTE          -> No se recibieron más datos de la máquina. Máquina apagada o desconectada. Último dato recibido: 2025-12-02 08:03:55.306728. 
2025-12-02 11:05:55.766004 -> Error: USB_MUTE          -> No se recibieron más datos de la máquina. Máquina apagada o desconectada. Último dato recibido: 2025-12-02 11:04:55.758335. 
2025-12-03 02:31:55.514162 -> Error: USB_MUTE          -> No se recibieron más datos de la máquina. Máquina apagada o desconectada. Último dato recibido: 2025-12-03 02:30:55.514302. 
2025-12-03 02:32:55.519138 -> Error: USB_MUTE          -> No se recibieron más datos de la máquina. Máquina apagada o desconectada. Último dato recibido: 2025-12-03 02:31:55.629382. 
2025-12-03 02:33:55.526907 -> Error: USB_MUTE          -> No se recibieron más datos de la máquina. Máquina apagada o desconectada. Último dato recibido: 2025-12-03 02:32:55.529647. 
2025-12-03 02:34:55.525923 -> Error: USB_MUTE          -> No se recibieron más datos de la máquina. Máquina apagada o desconectada. Último dato recibido: 2025-12-03 02:33:55.538977. 
2025-12-03 02:35:55.532263 -> Error: USB_MUTE          -> No se recibieron más datos de la máquina. Máquina apagada o desconectada. Último dato recibido: 2025-12-03 02:34:55.547069. 
2025-12-03 02:36:55.527939 -> Error: USB_MUTE          -> No se recibieron más datos de la máquina. Máquina apagada o desconectada. Último dato recibido: 2025-12-03 02:35:55.547954. 
2025-12-03 15:22:54.490437 -> Error: USB_MUTE          -> No se recibieron más datos de la máquina. Máquina apagada o desconectada. Último dato recibido: 2025-12-03 15:21:54.491099. 
2025-12-03 16:07:54.614140 -> Error: USB_MUTE          -> No se recibieron más datos de la máquina. Máquina apagada o desconectada. Último dato recibido: 2025-12-03 16:06:54.598814. 
2025-12-03 16:08:54.614419 -> Error: USB_MUTE          -> No se recibieron más datos de la máquina. Máquina apagada o desconectada. Último dato recibido: 2025-12-03 16:07:54.623701. 
2025-12-04 05:39:56.827753 -> Error: USB_MUTE          -> No se recibieron más datos de la máquina. Máquina apagada o desconectada. Último dato recibido: 2025-12-04 05:38:56.824355. 
2025-12-04 05:40:56.829932 -> Error: USB_MUTE          -> No se recibieron más datos de la máquina. Máquina apagada o desconectada. Último dato recibido: 2025-12-04 05:39:56.894201. 
2025-12-04 21:52:56.378651 -> Error: USB_MUTE          -> No se recibieron más datos de la máquina. Máquina apagada o desconectada. Último dato recibido: 2025-12-04 21:51:56.370144. 
2025-12-04 21:54:56.389247 -> Error: USB_MUTE          -> No se recibieron más datos de la máquina. Máquina apagada o desconectada. Último dato recibido: 2025-12-04 21:53:56.376425. 
2025-12-04 22:08:56.419835 -> Error: USB_MUTE          -> No se recibieron más datos de la máquina. Máquina apagada o desconectada. Último dato recibido: 2025-12-04 22:07:56.417696. 
2025-12-04 22:09:56.429122 -> Error: USB_MUTE          -> No se recibieron más datos de la máquina. Máquina apagada o desconectada. Último dato recibido: 2025-12-04 22:08:56.619660. 
2025-12-04 22:10:56.432381 -> Error: USB_MUTE          -> No se recibieron más datos de la máquina. Máquina apagada o desconectada. Último dato recibido: 2025-12-04 22:09:56.446756. 
2025-12-04 22:11:56.429311 -> Error: USB_MUTE          -> No se recibieron más datos de la máquina. Máquina apagada o desconectada. Último dato recibido: 2025-12-04 22:10:56.440411. 
2025-12-04 22:12:56.433843 -> Error: USB_MUTE          -> No se recibieron más datos de la máquina. Máquina apagada o desconectada. Último dato recibido: 2025-12-04 22:11:56.451958. 
2025-12-04 22:13:56.440157 -> Error: USB_MUTE          -> No se recibieron más datos de la máquina. Máquina apagada o desconectada. Último dato recibido: 2025-12-04 22:12:56.454022. 
2025-12-04 22:14:56.441837 -> Error: USB_MUTE          -> No se recibieron más datos de la máquina. Máquina apagada o desconectada. Último dato recibido: 2025-12-04 22:13:56.456289. 
2025-12-04 22:15:56.434617 -> Error: USB_MUTE          -> No se recibieron más datos de la máquina. Máquina apagada o desconectada. Último dato recibido: 2025-12-04 22:14:56.455971. 
2025-12-04 22:16:56.439308 -> Error: USB_MUTE          -> No se recibieron más datos de la máquina. Máquina apagada o desconectada. Último dato recibido: 2025-12-04 22:15:56.457759. 
2025-12-04 22:17:56.445931 -> Error: USB_MUTE          -> No se recibieron más datos de la máquina. Máquina apagada o desconectada. Último dato recibido: 2025-12-04 22:16:56.466043. 
2025-12-04 22:18:56.454260 -> Error: USB_MUTE          -> No se recibieron más datos de la máquina. Máquina apagada o desconectada. Último dato recibido: 2025-12-04 22:17:56.464138. 
2025-12-04 22:19:56.455623 -> Error: USB_MUTE          -> No se recibieron más datos de la máquina. Máquina apagada o desconectada. Último dato recibido: 2025-12-04 22:18:56.467351. 
2025-12-04 22:24:56.470570 -> Error: USB_MUTE          -> No se recibieron más datos de la máquina. Máquina apagada o desconectada. Último dato recibido: 2025-12-04 22:23:56.467115. 
2025-12-04 22:25:56.466419 -> Error: USB_MUTE          -> No se recibieron más datos de la máquina. Máquina apagada o desconectada. Último dato recibido: 2025-12-04 22:24:56.470570. 
2025-12-04 22:26:56.468110 -> Error: USB_MUTE          -> No se recibieron más datos de la máquina. Máquina apagada o desconectada. Último dato recibido: 2025-12-04 22:25:56.488641. 
2025-12-04 22:27:56.476221 -> Error: USB_MUTE          -> No se recibieron más datos de la máquina. Máquina apagada o desconectada. Último dato recibido: 2025-12-04 22:26:56.483749. 
2025-12-04 22:41:56.514643 -> Error: USB_MUTE          -> No se recibieron más datos de la máquina. Máquina apagada o desconectada. Último dato recibido: 2025-12-04 22:40:56.513250. 
2025-12-04 22:42:56.510524 -> Error: USB_MUTE          -> No se recibieron más datos de la máquina. Máquina apagada o desconectada. Último dato recibido: 2025-12-04 22:41:56.666008. 
2025-12-04 22:43:56.523179 -> Error: USB_MUTE          -> No se recibieron más datos de la máquina. Máquina apagada o desconectada. Último dato recibido: 2025-12-04 22:42:56.528085. 
2025-12-04 22:44:56.514865 -> Error: USB_MUTE          -> No se recibieron más datos de la máquina. Máquina apagada o desconectada. Último dato recibido: 2025-12-04 22:43:56.538872. 
2025-12-04 22:45:56.526546 -> Error: USB_MUTE          -> No se recibieron más datos de la máquina. Máquina apagada o desconectada. Último dato recibido: 2025-12-04 22:44:56.531974. 
2025-12-04 22:46:56.530367 -> Error: USB_MUTE          -> No se recibieron más datos de la máquina. Máquina apagada o desconectada. Último dato recibido: 2025-12-04 22:45:56.536554. 
2025-12-04 22:47:56.531572 -> Error: USB_MUTE          -> No se recibieron más datos de la máquina. Máquina apagada o desconectada. Último dato recibido: 2025-12-04 22:46:56.533373. 
2025-12-04 22:48:56.534511 -> Error: USB_MUTE          -> No se recibieron más datos de la máquina. Máquina apagada o desconectada. Último dato recibido: 2025-12-04 22:47:56.548375. 
2025-12-04 22:49:56.531620 -> Error: USB_MUTE          -> No se recibieron más datos de la máquina. Máquina apagada o desconectada. Último dato recibido: 2025-12-04 22:48:56.549145. 
2025-12-04 22:50:56.530262 -> Error: USB_MUTE          -> No se recibieron más datos de la máquina. Máquina apagada o desconectada. Último dato recibido: 2025-12-04 22:49:56.552966. 
2025-12-04 22:51:56.531315 -> Error: USB_MUTE          -> No se recibieron más datos de la máquina. Máquina apagada o desconectada. Último dato recibido: 2025-12-04 22:50:56.557527. 
2025-12-04 22:52:56.531901 -> Error: USB_MUTE          -> No se recibieron más datos de la máquina. Máquina apagada o desconectada. Último dato recibido: 2025-12-04 22:51:56.550062. 
2025-12-04 22:53:56.536252 -> Error: USB_MUTE          -> No se recibieron más datos de la máquina. Máquina apagada o desconectada. Último dato recibido: 2025-12-04 22:52:56.561205. 
2025-12-04 22:54:56.547397 -> Error: USB_MUTE          -> No se recibieron más datos de la máquina. Máquina apagada o desconectada. Último dato recibido: 2025-12-04 22:53:56.562582. 
2025-12-04 23:22:56.622094 -> Error: USB_MUTE          -> No se recibieron más datos de la máquina. Máquina apagada o desconectada. Último dato recibido: 2025-12-04 23:21:56.623392. 
2025-12-04 23:29:56.637724 -> Error: USB_MUTE          -> No se recibieron más datos de la máquina. Máquina apagada o desconectada. Último dato recibido: 2025-12-04 23:28:56.632957. 
2025-12-04 23:30:56.647334 -> Error: USB_MUTE          -> No se recibieron más datos de la máquina. Máquina apagada o desconectada. Último dato recibido: 2025-12-04 23:29:56.735627. 
2025-12-05 00:03:56.736131 -> Error: USB_MUTE          -> No se recibieron más datos de la máquina. Máquina apagada o desconectada. Último dato recibido: 2025-12-05 00:02:56.732370. 
2025-12-05 02:05:57.057282 -> Error: USB_MUTE          -> No se recibieron más datos de la máquina. Máquina apagada o desconectada. Último dato recibido: 2025-12-05 02:04:57.059778. 
2025-12-09 07:31:01.567399 -> Error: USB_MUTE          -> No se recibieron más datos de la máquina. Máquina apagada o desconectada. Último dato recibido: 2025-12-09 07:30:01.563098. 
2025-12-09 07:33:01.578769 -> Error: USB_MUTE          -> No se recibieron más datos de la máquina. Máquina apagada o desconectada. Último dato recibido: 2025-12-09 07:32:01.575811. 
2025-12-09 07:35:01.584519 -> Error: USB_MUTE          -> No se recibieron más datos de la máquina. Máquina apagada o desconectada. Último dato recibido: 2025-12-09 07:34:01.578907. 
2025-12-09 10:55:02.129925 -> Error: USB_MUTE          -> No se recibieron más datos de la máquina. Máquina apagada o desconectada. Último dato recibido: 2025-12-09 10:54:02.135644. 
2025-12-09 10:56:02.143544 -> Error: USB_MUTE          -> No se recibieron más datos de la máquina. Máquina apagada o desconectada. Último dato recibido: 2025-12-09 10:55:02.145569. 
2025-12-09 10:57:02.145684 -> Error: USB_MUTE          -> No se recibieron más datos de la máquina. Máquina apagada o desconectada. Último dato recibido: 2025-12-09 10:56:02.160081. 
2025-12-09 10:58:02.146164 -> Error: USB_MUTE          -> No se recibieron más datos de la máquina. Máquina apagada o desconectada. Último dato recibido: 2025-12-09 10:57:02.160289. 
2025-12-09 10:59:02.148332 -> Error: USB_MUTE          -> No se recibieron más datos de la máquina. Máquina apagada o desconectada. Último dato recibido: 2025-12-09 10:58:02.165812. 
2025-12-09 11:00:02.147437 -> Error: USB_MUTE          -> No se recibieron más datos de la máquina. Máquina apagada o desconectada. Último dato recibido: 2025-12-09 10:59:02.161416. 
2025-12-09 11:01:02.148930 -> Error: USB_MUTE          -> No se recibieron más datos de la máquina. Máquina apagada o desconectada. Último dato recibido: 2025-12-09 11:00:02.173707. 
2025-12-09 11:02:02.159902 -> Error: USB_MUTE          -> No se recibieron más datos de la máquina. Máquina apagada o desconectada. Último dato recibido: 2025-12-09 11:01:02.161961. 
2025-12-09 11:03:02.147810 -> Error: USB_MUTE          -> No se recibieron más datos de la máquina. Máquina apagada o desconectada. Último dato recibido: 2025-12-09 11:02:02.174516. 
2025-12-09 11:07:02.169555 -> Error: USB_MUTE          -> No se recibieron más datos de la máquina. Máquina apagada o desconectada. Último dato recibido: 2025-12-09 11:06:02.167774. 
2025-12-09 11:08:02.171013 -> Error: USB_MUTE          -> No se recibieron más datos de la máquina. Máquina apagada o desconectada. Último dato recibido: 2025-12-09 11:07:02.397573. 
2025-12-09 11:09:02.165478 -> Error: USB_MUTE          -> No se recibieron más datos de la máquina. Máquina apagada o desconectada. Último dato recibido: 2025-12-09 11:08:02.183041. 
2025-12-09 11:10:02.170618 -> Error: USB_MUTE          -> No se recibieron más datos de la máquina. Máquina apagada o desconectada. Último dato recibido: 2025-12-09 11:09:02.195709. 
2025-12-09 11:11:02.183652 -> Error: USB_MUTE          -> No se recibieron más datos de la máquina. Máquina apagada o desconectada. Último dato recibido: 2025-12-09 11:10:02.198772. 
2025-12-09 11:12:02.187385 -> Error: USB_MUTE          -> No se recibieron más datos de la máquina. Máquina apagada o desconectada. Último dato recibido: 2025-12-09 11:11:02.195716. 
2025-12-09 11:13:02.183329 -> Error: USB_MUTE          -> No se recibieron más datos de la máquina. Máquina apagada o desconectada. Último dato recibido: 2025-12-09 11:12:02.205517. 
2025-12-09 11:14:02.184961 -> Error: USB_MUTE          -> No se recibieron más datos de la máquina. Máquina apagada o desconectada. Último dato recibido: 2025-12-09 11:13:02.210028. 
2025-12-09 11:15:02.185380 -> Error: USB_MUTE          -> No se recibieron más datos de la máquina. Máquina apagada o desconectada. Último dato recibido: 2025-12-09 11:14:02.210577. 
2025-12-09 11:16:02.196593 -> Error: USB_MUTE          -> No se recibieron más datos de la máquina. Máquina apagada o desconectada. Último dato recibido: 2025-12-09 11:15:02.202926. 
2025-12-09 11:17:02.199551 -> Error: USB_MUTE          -> No se recibieron más datos de la máquina. Máquina apagada o desconectada. Último dato recibido: 2025-12-09 11:16:02.210601. 
2025-12-09 11:18:02.202513 -> Error: USB_MUTE          -> No se recibieron más datos de la máquina. Máquina apagada o desconectada. Último dato recibido: 2025-12-09 11:17:02.220698. 
2025-12-09 11:19:02.203944 -> Error: USB_MUTE          -> No se recibieron más datos de la máquina. Máquina apagada o desconectada. Último dato recibido: 2025-12-09 11:18:02.216522. 
2025-12-09 11:20:02.205275 -> Error: USB_MUTE          -> No se recibieron más datos de la máquina. Máquina apagada o desconectada. Último dato recibido: 2025-12-09 11:19:02.224123. 
2025-12-09 14:19:59.593443 -> Error: USB_MUTE          -> No se recibieron más datos de la máquina. Máquina apagada o desconectada. Último dato recibido: 2025-12-09 14:18:59.595287. 
2025-12-09 14:20:59.592415 -> Error: USB_MUTE          -> No se recibieron más datos de la máquina. Máquina apagada o desconectada. Último dato recibido: 2025-12-09 14:19:59.593443. 
2025-12-09 14:21:59.603830 -> Error: USB_MUTE          -> No se recibieron más datos de la máquina. Máquina apagada o desconectada. Último dato recibido: 2025-12-09 14:20:59.612103. 
2025-12-09 14:22:59.604800 -> Error: USB_MUTE          -> No se recibieron más datos de la máquina. Máquina apagada o desconectada. Último dato recibido: 2025-12-09 14:21:59.621649. 
2025-12-10 03:47:01.804362 -> Error: USB_MUTE          -> No se recibieron más datos de la máquina. Máquina apagada o desconectada. Último dato recibido: 2025-12-10 03:46:01.802887. 
2025-12-10 03:48:01.806394 -> Error: USB_MUTE          -> No se recibieron más datos de la máquina. Máquina apagada o desconectada. Último dato recibido: 2025-12-10 03:47:01.953295. 
2025-12-10 03:49:01.810624 -> Error: USB_MUTE          -> No se recibieron más datos de la máquina. Máquina apagada o desconectada. Último dato recibido: 2025-12-10 03:48:01.812952. 
2025-12-10 03:50:01.811671 -> Error: USB_MUTE          -> No se recibieron más datos de la máquina. Máquina apagada o desconectada. Último dato recibido: 2025-12-10 03:49:01.827844. 
2025-12-10 03:51:01.804847 -> Error: USB_MUTE          -> No se recibieron más datos de la máquina. Máquina apagada o desconectada. Último dato recibido: 2025-12-10 03:50:01.825279. 
2025-12-10 03:52:01.818331 -> Error: USB_MUTE          -> No se recibieron más datos de la máquina. Máquina apagada o desconectada. Último dato recibido: 2025-12-10 03:51:01.821519. 
2025-12-10 03:53:01.819544 -> Error: USB_MUTE          -> No se recibieron más datos de la máquina. Máquina apagada o desconectada. Último dato recibido: 2025-12-10 03:52:01.829384. 
2025-12-10 03:54:01.822780 -> Error: USB_MUTE          -> No se recibieron más datos de la máquina. Máquina apagada o desconectada. Último dato recibido: 2025-12-10 03:53:01.837336. 
2025-12-10 03:55:01.820929 -> Error: USB_MUTE          -> No se recibieron más datos de la máquina. Máquina apagada o desconectada. Último dato recibido: 2025-12-10 03:54:01.839000. 
2025-12-10 03:56:01.828737 -> Error: USB_MUTE          -> No se recibieron más datos de la máquina. Máquina apagada o desconectada. Último dato recibido: 2025-12-10 03:55:01.841578. 
2025-12-10 03:57:01.820545 -> Error: USB_MUTE          -> No se recibieron más datos de la máquina. Máquina apagada o desconectada. Último dato recibido: 2025-12-10 03:56:01.846958. 
2025-12-10 03:58:01.828370 -> Error: USB_MUTE          -> No se recibieron más datos de la máquina. Máquina apagada o desconectada. Último dato recibido: 2025-12-10 03:57:01.843754. 
2025-12-10 03:59:01.829565 -> Error: USB_MUTE          -> No se recibieron más datos de la máquina. Máquina apagada o desconectada. Último dato recibido: 2025-12-10 03:58:01.846017. 
2025-12-10 04:00:01.830110 -> Error: USB_MUTE          -> No se recibieron más datos de la máquina. Máquina apagada o desconectada. Último dato recibido: 2025-12-10 03:59:01.846286. 
2025-12-10 04:01:01.841541 -> Error: USB_MUTE          -> No se recibieron más datos de la máquina. Máquina apagada o desconectada. Último dato recibido: 2025-12-10 04:00:01.850295. 
2025-12-10 04:02:01.844705 -> Error: USB_MUTE          -> No se recibieron más datos de la máquina. Máquina apagada o desconectada. Último dato recibido: 2025-12-10 04:01:01.858115. 
2025-12-10 04:03:01.848971 -> Error: USB_MUTE          -> No se recibieron más datos de la máquina. Máquina apagada o desconectada. Último dato recibido: 2025-12-10 04:02:01.853713. 
2025-12-10 04:04:01.846037 -> Error: USB_MUTE          -> No se recibieron más datos de la máquina. Máquina apagada o desconectada. Último dato recibido: 2025-12-10 04:03:01.864020. 
2025-12-10 04:05:01.856092 -> Error: USB_MUTE          -> No se recibieron más datos de la máquina. Máquina apagada o desconectada. Último dato recibido: 2025-12-10 04:04:01.861677. 
2025-12-10 04:06:01.843831 -> Error: USB_MUTE          -> No se recibieron más datos de la máquina. Máquina apagada o desconectada. Último dato recibido: 2025-12-10 04:05:01.863148. 
2025-12-10 04:07:01.856848 -> Error: USB_MUTE          -> No se recibieron más datos de la máquina. Máquina apagada o desconectada. Último dato recibido: 2025-12-10 04:06:01.874120. 
2025-12-10 04:08:01.861689 -> Error: USB_MUTE          -> No se recibieron más datos de la máquina. Máquina apagada o desconectada. Último dato recibido: 2025-12-10 04:07:01.871511. 
2025-12-10 04:09:01.864653 -> Error: USB_MUTE          -> No se recibieron más datos de la máquina. Máquina apagada o desconectada. Último dato recibido: 2025-12-10 04:08:01.878941. 
2025-12-10 04:10:01.868942 -> Error: USB_MUTE          -> No se recibieron más datos de la máquina. Máquina apagada o desconectada. Último dato recibido: 2025-12-10 04:09:01.880282. 
2025-12-10 04:11:01.866344 -> Error: USB_MUTE          -> No se recibieron más datos de la máquina. Máquina apagada o desconectada. Último dato recibido: 2025-12-10 04:10:01.882027. 
2025-12-10 04:12:01.867476 -> Error: USB_MUTE          -> No se recibieron más datos de la máquina. Máquina apagada o desconectada. Último dato recibido: 2025-12-10 04:11:01.883576. 
2025-12-10 04:16:01.886584 -> Error: USB_MUTE          -> No se recibieron más datos de la máquina. Máquina apagada o desconectada. Último dato recibido: 2025-12-10 04:15:01.884542. 
2025-12-10 08:27:02.571807 -> Error: USB_MUTE          -> No se recibieron más datos de la máquina. Máquina apagada o desconectada. Último dato recibido: 2025-12-10 08:26:02.570115. 
2025-12-10 08:28:02.570840 -> Error: USB_MUTE          -> No se recibieron más datos de la máquina. Máquina apagada o desconectada. Último dato recibido: 2025-12-10 08:27:02.691200. 
2025-12-10 08:29:02.572531 -> Error: USB_MUTE          -> No se recibieron más datos de la máquina. Máquina apagada o desconectada. Último dato recibido: 2025-12-10 08:28:02.604034. 
2025-12-10 08:30:02.574327 -> Error: USB_MUTE          -> No se recibieron más datos de la máquina. Máquina apagada o desconectada. Último dato recibido: 2025-12-10 08:29:02.604276. 
2025-12-10 08:31:02.581393 -> Error: USB_MUTE          -> No se recibieron más datos de la máquina. Máquina apagada o desconectada. Último dato recibido: 2025-12-10 08:30:02.607577. 
2025-12-10 08:32:02.590876 -> Error: USB_MUTE          -> No se recibieron más datos de la máquina. Máquina apagada o desconectada. Último dato recibido: 2025-12-10 08:31:02.598586. 
2025-12-10 08:33:02.588302 -> Error: USB_MUTE          -> No se recibieron más datos de la máquina. Máquina apagada o desconectada. Último dato recibido: 2025-12-10 08:32:02.612108. 
2025-12-10 08:34:02.592570 -> Error: USB_MUTE          -> No se recibieron más datos de la máquina. Máquina apagada o desconectada. Último dato recibido: 2025-12-10 08:33:02.615091. 
2025-12-10 08:35:02.599901 -> Error: USB_MUTE          -> No se recibieron más datos de la máquina. Máquina apagada o desconectada. Último dato recibido: 2025-12-10 08:34:02.609687. 
2025-12-10 08:36:02.590730 -> Error: USB_MUTE          -> No se recibieron más datos de la máquina. Máquina apagada o desconectada. Último dato recibido: 2025-12-10 08:35:02.608910. 
2025-12-10 08:37:02.595498 -> Error: USB_MUTE          -> No se recibieron más datos de la máquina. Máquina apagada o desconectada. Último dato recibido: 2025-12-10 08:36:02.624041. 
2025-12-10 08:38:02.608957 -> Error: USB_MUTE          -> No se recibieron más datos de la máquina. Máquina apagada o desconectada. Último dato recibido: 2025-12-10 08:37:02.626793. 
2025-12-10 08:39:02.609994 -> Error: USB_MUTE          -> No se recibieron más datos de la máquina. Máquina apagada o desconectada. Último dato recibido: 2025-12-10 08:38:02.619965. 
2025-12-10 08:40:02.615378 -> Error: USB_MUTE          -> No se recibieron más datos de la máquina. Máquina apagada o desconectada. Último dato recibido: 2025-12-10 08:39:02.632380. 
2025-12-10 08:41:02.615509 -> Error: USB_MUTE          -> No se recibieron más datos de la máquina. Máquina apagada o desconectada. Último dato recibido: 2025-12-10 08:40:02.633539. 
2025-12-10 08:42:02.609068 -> Error: USB_MUTE          -> No se recibieron más datos de la máquina. Máquina apagada o desconectada. Último dato recibido: 2025-12-10 08:41:02.633643. 
2025-12-10 08:43:02.612148 -> Error: USB_MUTE          -> No se recibieron más datos de la máquina. Máquina apagada o desconectada. Último dato recibido: 2025-12-10 08:42:02.639296. 
2025-12-10 08:44:02.621409 -> Error: USB_MUTE          -> No se recibieron más datos de la máquina. Máquina apagada o desconectada. Último dato recibido: 2025-12-10 08:43:02.642403. 
2025-12-10 08:45:02.627631 -> Error: USB_MUTE          -> No se recibieron más datos de la máquina. Máquina apagada o desconectada. Último dato recibido: 2025-12-10 08:44:02.635992. 
2025-12-10 08:46:02.633000 -> Error: USB_MUTE          -> No se recibieron más datos de la máquina. Máquina apagada o desconectada. Último dato recibido: 2025-12-10 08:45:02.645299. 
2025-12-10 08:47:02.635737 -> Error: USB_MUTE          -> No se recibieron más datos de la máquina. Máquina apagada o desconectada. Último dato recibido: 2025-12-10 08:46:02.653371. 
2025-12-10 08:48:02.634745 -> Error: USB_MUTE          -> No se recibieron más datos de la máquina. Máquina apagada o desconectada. Último dato recibido: 2025-12-10 08:47:02.655871. 
2025-12-10 08:49:02.640990 -> Error: USB_MUTE          -> No se recibieron más datos de la máquina. Máquina apagada o desconectada. Último dato recibido: 2025-12-10 08:48:02.657945. 
2025-12-10 08:50:02.634003 -> Error: USB_MUTE          -> No se recibieron más datos de la máquina. Máquina apagada o desconectada. Último dato recibido: 2025-12-10 08:49:02.661158. 
2025-12-10 08:51:02.645030 -> Error: USB_MUTE          -> No se recibieron más datos de la máquina. Máquina apagada o desconectada. Último dato recibido: 2025-12-10 08:50:02.664262. 
2025-12-10 09:10:02.695650 -> Error: USB_MUTE          -> No se recibieron más datos de la máquina. Máquina apagada o desconectada. Último dato recibido: 2025-12-10 09:09:02.696141. 
2025-12-10 09:11:02.695414 -> Error: USB_MUTE          -> No se recibieron más datos de la máquina. Máquina apagada o desconectada. Último dato recibido: 2025-12-10 09:10:02.967242. 
2025-12-10 09:12:02.705692 -> Error: USB_MUTE          -> No se recibieron más datos de la máquina. Máquina apagada o desconectada. Último dato recibido: 2025-12-10 09:11:02.719585. 
2025-12-10 09:13:02.706726 -> Error: USB_MUTE          -> No se recibieron más datos de la máquina. Máquina apagada o desconectada. Último dato recibido: 2025-12-10 09:12:02.721346. 
2025-12-10 09:14:02.701051 -> Error: USB_MUTE          -> No se recibieron más datos de la máquina. Máquina apagada o desconectada. Último dato recibido: 2025-12-10 09:13:02.721287. 
2025-12-10 09:15:02.712095 -> Error: USB_MUTE          -> No se recibieron más datos de la máquina. Máquina apagada o desconectada. Último dato recibido: 2025-12-10 09:14:02.716101. 
2025-12-10 09:16:02.713207 -> Error: USB_MUTE          -> No se recibieron más datos de la máquina. Máquina apagada o desconectada. Último dato recibido: 2025-12-10 09:15:02.721604. 
2025-12-10 09:17:02.718105 -> Error: USB_MUTE          -> No se recibieron más datos de la máquina. Máquina apagada o desconectada. Último dato recibido: 2025-12-10 09:16:02.730854. 
2025-12-10 09:18:02.712344 -> Error: USB_MUTE          -> No se recibieron más datos de la máquina. Máquina apagada o desconectada. Último dato recibido: 2025-12-10 09:17:02.732734. 
2025-12-10 09:19:02.720523 -> Error: USB_MUTE          -> No se recibieron más datos de la máquina. Máquina apagada o desconectada. Último dato recibido: 2025-12-10 09:18:02.727401. 
2025-12-10 09:22:02.727798 -> Error: USB_MUTE          -> No se recibieron más datos de la máquina. Máquina apagada o desconectada. Último dato recibido: 2025-12-10 09:21:02.730259. 
2025-12-10 09:23:02.730718 -> Error: USB_MUTE          -> No se recibieron más datos de la máquina. Máquina apagada o desconectada. Último dato recibido: 2025-12-10 09:22:02.909035. 
2025-12-10 09:24:02.730225 -> Error: USB_MUTE          -> No se recibieron más datos de la máquina. Máquina apagada o desconectada. Último dato recibido: 2025-12-10 09:23:02.739750. 
2025-12-10 09:25:02.742189 -> Error: USB_MUTE          -> No se recibieron más datos de la máquina. Máquina apagada o desconectada. Último dato recibido: 2025-12-10 09:24:02.747789. 
2025-12-10 09:26:02.739016 -> Error: USB_MUTE          -> No se recibieron más datos de la máquina. Máquina apagada o desconectada. Último dato recibido: 2025-12-10 09:25:02.758320. 
2025-12-10 09:27:02.739460 -> Error: USB_MUTE          -> No se recibieron más datos de la máquina. Máquina apagada o desconectada. Último dato recibido: 2025-12-10 09:26:02.761290. 
2025-12-10 09:28:02.740643 -> Error: USB_MUTE          -> No se recibieron más datos de la máquina. Máquina apagada o desconectada. Último dato recibido: 2025-12-10 09:27:02.765230. 
2025-12-10 09:29:02.750490 -> Error: USB_MUTE          -> No se recibieron más datos de la máquina. Máquina apagada o desconectada. Último dato recibido: 2025-12-10 09:28:02.760205. 
2025-12-10 09:30:02.747737 -> Error: USB_MUTE          -> No se recibieron más datos de la máquina. Máquina apagada o desconectada. Último dato recibido: 2025-12-10 09:29:02.769164. 
2025-12-10 09:31:02.758418 -> Error: USB_MUTE          -> No se recibieron más datos de la máquina. Máquina apagada o desconectada. Último dato recibido: 2025-12-10 09:30:02.766974. 
2025-12-10 09:32:02.761758 -> Error: USB_MUTE          -> No se recibieron más datos de la máquina. Máquina apagada o desconectada. Último dato recibido: 2025-12-10 09:31:02.769494. 
2025-12-10 09:33:02.756305 -> Error: USB_MUTE          -> No se recibieron más datos de la máquina. Máquina apagada o desconectada. Último dato recibido: 2025-12-10 09:32:02.779593. 
2025-12-10 09:34:02.761407 -> Error: USB_MUTE          -> No se recibieron más datos de la máquina. Máquina apagada o desconectada. Último dato recibido: 2025-12-10 09:33:02.785018. 
2025-12-10 09:35:02.765496 -> Error: USB_MUTE          -> No se recibieron más datos de la máquina. Máquina apagada o desconectada. Último dato recibido: 2025-12-10 09:34:02.783653. 
2025-12-10 09:36:02.770461 -> Error: USB_MUTE          -> No se recibieron más datos de la máquina. Máquina apagada o desconectada. Último dato recibido: 2025-12-10 09:35:02.780049. 
2025-12-10 09:37:02.770874 -> Error: USB_MUTE          -> No se recibieron más datos de la máquina. Máquina apagada o desconectada. Último dato recibido: 2025-12-10 09:36:02.788743. 
2025-12-10 09:40:02.778540 -> Error: USB_MUTE          -> No se recibieron más datos de la máquina. Máquina apagada o desconectada. Último dato recibido: 2025-12-10 09:39:02.778320. 
2025-12-10 13:42:00.323050 -> Error: USB_MUTE          -> No se recibieron más datos de la máquina. Máquina apagada o desconectada. Último dato recibido: 2025-12-10 13:41:00.313754. 
2025-12-10 14:45:00.495525 -> Error: USB_MUTE          -> No se recibieron más datos de la máquina. Máquina apagada o desconectada. Último dato recibido: 2025-12-10 14:44:00.500971. 
2025-12-11 01:16:02.226037 -> Error: USB_MUTE          -> No se recibieron más datos de la máquina. Máquina apagada o desconectada. Último dato recibido: 2025-12-11 01:15:02.216374. 
2025-12-11 07:59:03.338167 -> Error: USB_MUTE          -> No se recibieron más datos de la máquina. Máquina apagada o desconectada. Último dato recibido: 2025-12-11 07:58:03.336564. 
2025-12-11 08:03:03.345692 -> Error: USB_MUTE          -> No se recibieron más datos de la máquina. Máquina apagada o desconectada. Último dato recibido: 2025-12-11 08:02:03.348136. 
2025-12-11 10:14:03.711120 -> Error: USB_MUTE          -> No se recibieron más datos de la máquina. Máquina apagada o desconectada. Último dato recibido: 2025-12-11 10:13:03.705121. 
2025-12-11 13:40:01.170925 -> Error: USB_MUTE          -> No se recibieron más datos de la máquina. Máquina apagada o desconectada. Último dato recibido: 2025-12-11 13:39:01.164869. 
2025-12-11 13:43:01.176861 -> Error: USB_MUTE          -> No se recibieron más datos de la máquina. Máquina apagada o desconectada. Último dato recibido: 2025-12-11 13:42:01.181019. 
2025-12-11 13:47:01.188322 -> Error: USB_MUTE          -> No se recibieron más datos de la máquina. Máquina apagada o desconectada. Último dato recibido: 2025-12-11 13:46:01.184707. 
2025-12-13 19:11:42.469163 -> Error: USB_CONN          -> No se pudo conectar con CH340 (Driver USB de la máquina). could not open port 'COM3': PermissionError(13, 'Acceso denegado.', None, 5)
2025-12-13 19:16:46.957919 -> Error: USB_CONN          -> No se pudo conectar con CH340 (Driver USB de la máquina). could not open port 'COM3': PermissionError(13, 'Acceso denegado.', None, 5)
2025-12-15 06:02:02.417982 -> Error: USB_MUTE          -> No se recibieron más datos de la máquina. Máquina apagada o desconectada. Último dato recibido: 2025-12-15 06:01:02.410958. 
2025-12-15 12:02:03.389316 -> Error: USB_MUTE          -> No se recibieron más datos de la máquina. Máquina apagada o desconectada. Último dato recibido: 2025-12-15 12:01:03.388552. 
2025-12-15 13:05:03.560654 -> Error: USB_MUTE          -> No se recibieron más datos de la máquina. Máquina apagada o desconectada. Último dato recibido: 2025-12-15 13:04:03.558731. 
2025-12-16 02:32:02.149568 -> Error: USB_MUTE          -> No se recibieron más datos de la máquina. Máquina apagada o desconectada. Último dato recibido: 2025-12-16 02:31:02.153799. 
2025-12-16 02:32:02.262143 -> Error: USB_MUTE          -> No se recibieron más datos de la máquina. Máquina apagada o desconectada. Último dato recibido: 2025-12-16 02:32:02.250091. 
2025-12-16 02:32:02.262143 -> Error: USB_MUTE          -> No se recibieron más datos de la máquina. Máquina apagada o desconectada. Último dato recibido: 2025-12-16 02:32:02.262143. 
2025-12-16 02:32:02.277784 -> Error: USB_MUTE          -> No se recibieron más datos de la máquina. Máquina apagada o desconectada. Último dato recibido: 2025-12-16 02:32:02.262143. 
2025-12-16 02:32:02.285951 -> Error: USB_MUTE          -> No se recibieron más datos de la máquina. Máquina apagada o desconectada. Último dato recibido: 2025-12-16 02:32:02.282830. 
2025-12-16 02:32:02.292504 -> Error: USB_MUTE          -> No se recibieron más datos de la máquina. Máquina apagada o desconectada. Último dato recibido: 2025-12-16 02:32:02.285951. 
2025-12-16 02:33:02.164861 -> Error: USB_MUTE          -> No se recibieron más datos de la máquina. Máquina apagada o desconectada. Último dato recibido: 2025-12-16 02:32:02.292504. 
2025-12-16 02:33:02.167968 -> Error: USB_MUTE          -> No se recibieron más datos de la máquina. Máquina apagada o desconectada. Último dato recibido: 2025-12-16 02:33:02.164861. 
2025-12-16 02:33:02.182592 -> Error: USB_MUTE          -> No se recibieron más datos de la máquina. Máquina apagada o desconectada. Último dato recibido: 2025-12-16 02:33:02.167968. 
2025-12-16 02:33:02.182592 -> Error: USB_MUTE          -> No se recibieron más datos de la máquina. Máquina apagada o desconectada. Último dato recibido: 2025-12-16 02:33:02.182592. 
2025-12-16 02:33:02.198158 -> Error: USB_MUTE          -> No se recibieron más datos de la máquina. Máquina apagada o desconectada. Último dato recibido: 2025-12-16 02:33:02.182592. 
2025-12-16 02:34:02.165192 -> Error: USB_MUTE          -> No se recibieron más datos de la máquina. Máquina apagada o desconectada. Último dato recibido: 2025-12-16 02:33:02.198158. 
2025-12-16 02:34:02.171225 -> Error: USB_MUTE          -> No se recibieron más datos de la máquina. Máquina apagada o desconectada. Último dato recibido: 2025-12-16 02:34:02.165192. 
2025-12-16 02:34:02.179782 -> Error: USB_MUTE          -> No se recibieron más datos de la máquina. Máquina apagada o desconectada. Último dato recibido: 2025-12-16 02:34:02.171225. 
2025-12-16 02:34:02.179782 -> Error: USB_MUTE          -> No se recibieron más datos de la máquina. Máquina apagada o desconectada. Último dato recibido: 2025-12-16 02:34:02.179782. 
2025-12-16 02:34:02.195423 -> Error: USB_MUTE          -> No se recibieron más datos de la máquina. Máquina apagada o desconectada. Último dato recibido: 2025-12-16 02:34:02.195423. 
2025-12-16 02:35:02.170862 -> Error: USB_MUTE          -> No se recibieron más datos de la máquina. Máquina apagada o desconectada. Último dato recibido: 2025-12-16 02:34:02.204457. 
2025-12-16 02:35:02.177370 -> Error: USB_MUTE          -> No se recibieron más datos de la máquina. Máquina apagada o desconectada. Último dato recibido: 2025-12-16 02:35:02.170862. 
2025-12-16 02:35:02.177370 -> Error: USB_MUTE          -> No se recibieron más datos de la máquina. Máquina apagada o desconectada. Último dato recibido: 2025-12-16 02:35:02.177370. 
2025-12-16 02:35:02.193031 -> Error: USB_MUTE          -> No se recibieron más datos de la máquina. Máquina apagada o desconectada. Último dato recibido: 2025-12-16 02:35:02.177370. 
2025-12-16 02:35:02.201133 -> Error: USB_MUTE          -> No se recibieron más datos de la máquina. Máquina apagada o desconectada. Último dato recibido: 2025-12-16 02:35:02.193031. 
2025-12-16 02:36:02.172495 -> Error: USB_MUTE          -> No se recibieron más datos de la máquina. Máquina apagada o desconectada. Último dato recibido: 2025-12-16 02:35:02.201133. 
2025-12-16 02:36:02.172495 -> Error: USB_MUTE          -> No se recibieron más datos de la máquina. Máquina apagada o desconectada. Último dato recibido: 2025-12-16 02:36:02.172495. 
2025-12-16 02:36:02.189742 -> Error: USB_MUTE          -> No se recibieron más datos de la máquina. Máquina apagada o desconectada. Último dato recibido: 2025-12-16 02:36:02.172495. 
2025-12-16 02:36:02.200250 -> Error: USB_MUTE          -> No se recibieron más datos de la máquina. Máquina apagada o desconectada. Último dato recibido: 2025-12-16 02:36:02.189742. 
2025-12-16 02:36:02.200250 -> Error: USB_MUTE          -> No se recibieron más datos de la máquina. Máquina apagada o desconectada. Último dato recibido: 2025-12-16 02:36:02.200250. 
2025-12-16 02:37:02.172887 -> Error: USB_MUTE          -> No se recibieron más datos de la máquina. Máquina apagada o desconectada. Último dato recibido: 2025-12-16 02:36:02.200250. 
2025-12-16 02:37:02.181020 -> Error: USB_MUTE          -> No se recibieron más datos de la máquina. Máquina apagada o desconectada. Último dato recibido: 2025-12-16 02:37:02.172887. 
2025-12-16 02:37:02.187598 -> Error: USB_MUTE          -> No se recibieron más datos de la máquina. Máquina apagada o desconectada. Último dato recibido: 2025-12-16 02:37:02.181020. 
2025-12-16 02:37:02.187598 -> Error: USB_MUTE          -> No se recibieron más datos de la máquina. Máquina apagada o desconectada. Último dato recibido: 2025-12-16 02:37:02.187598. 
2025-12-16 02:37:02.203239 -> Error: USB_MUTE          -> No se recibieron más datos de la máquina. Máquina apagada o desconectada. Último dato recibido: 2025-12-16 02:37:02.203239. 
2025-12-16 16:40:02.021701 -> Error: USB_MUTE          -> No se recibieron más datos de la máquina. Máquina apagada o desconectada. Último dato recibido: 2025-12-16 16:39:02.016791. 
2025-12-16 17:29:02.152530 -> Error: USB_MUTE          -> No se recibieron más datos de la máquina. Máquina apagada o desconectada. Último dato recibido: 2025-12-16 17:28:02.153854. 
2025-12-17 15:44:02.696350 -> Error: USB_MUTE          -> No se recibieron más datos de la máquina. Máquina apagada o desconectada. Último dato recibido: 2025-12-17 15:43:02.698680. 
2025-12-17 21:36:03.646279 -> Error: USB_MUTE          -> No se recibieron más datos de la máquina. Máquina apagada o desconectada. Último dato recibido: 2025-12-17 21:35:03.634281. 
2025-12-17 21:37:03.641007 -> Error: USB_MUTE          -> No se recibieron más datos de la máquina. Máquina apagada o desconectada. Último dato recibido: 2025-12-17 21:36:03.811990. 
2025-12-17 21:38:03.649241 -> Error: USB_MUTE          -> No se recibieron más datos de la máquina. Máquina apagada o desconectada. Último dato recibido: 2025-12-17 21:37:03.660248. 
2025-12-18 08:32:05.403529 -> Error: USB_MUTE          -> No se recibieron más datos de la máquina. Máquina apagada o desconectada. Último dato recibido: 2025-12-18 08:31:05.403952. 
2025-12-18 13:32:03.198134 -> Error: USB_MUTE          -> No se recibieron más datos de la máquina. Máquina apagada o desconectada. Último dato recibido: 2025-12-18 13:31:03.190138. 
2025-12-18 13:33:03.200724 -> Error: USB_MUTE          -> No se recibieron más datos de la máquina. Máquina apagada o desconectada. Último dato recibido: 2025-12-18 13:32:03.204662. 
2025-12-19 12:01:06.784077 -> Error: USB_MUTE          -> No se recibieron más datos de la máquina. Máquina apagada o desconectada. Último dato recibido: 2025-12-19 12:00:06.769450. 
2025-12-23 08:45:09.789066 -> Error: USB_MUTE          -> No se recibieron más datos de la máquina. Máquina apagada o desconectada. Último dato recibido: 2025-12-23 08:44:09.783435. 
2025-12-23 08:46:09.790281 -> Error: USB_MUTE          -> No se recibieron más datos de la máquina. Máquina apagada o desconectada. Último dato recibido: 2025-12-23 08:45:10.122609. 
2025-12-24 08:16:10.674406 -> Error: USB_MUTE          -> No se recibieron más datos de la máquina. Máquina apagada o desconectada. Último dato recibido: 2025-12-24 08:15:10.669230. 
2025-12-24 08:17:10.666630 -> Error: USB_MUTE          -> No se recibieron más datos de la máquina. Máquina apagada o desconectada. Último dato recibido: 2025-12-24 08:16:10.674406. 
2025-12-24 08:18:10.674404 -> Error: USB_MUTE          -> No se recibieron más datos de la máquina. Máquina apagada o desconectada. Último dato recibido: 2025-12-24 08:17:10.695335. 
2025-12-24 08:23:10.691978 -> Error: USB_MUTE          -> No se recibieron más datos de la máquina. Máquina apagada o desconectada. Último dato recibido: 2025-12-24 08:22:10.678509. 
2025-12-24 08:24:10.692509 -> Error: USB_MUTE          -> No se recibieron más datos de la máquina. Máquina apagada o desconectada. Último dato recibido: 2025-12-24 08:23:10.699584. 
2025-12-24 08:25:10.694364 -> Error: USB_MUTE          -> No se recibieron más datos de la máquina. Máquina apagada o desconectada. Último dato recibido: 2025-12-24 08:24:10.708067. 
2025-12-24 08:26:10.697061 -> Error: USB_MUTE          -> No se recibieron más datos de la máquina. Máquina apagada o desconectada. Último dato recibido: 2025-12-24 08:25:10.716054. 
2025-12-24 08:27:10.703486 -> Error: USB_MUTE          -> No se recibieron más datos de la máquina. Máquina apagada o desconectada. Último dato recibido: 2025-12-24 08:26:10.716229. 
2025-12-24 08:28:10.706409 -> Error: USB_MUTE          -> No se recibieron más datos de la máquina. Máquina apagada o desconectada. Último dato recibido: 2025-12-24 08:27:10.714068. 
2025-12-24 08:29:10.707597 -> Error: USB_MUTE          -> No se recibieron más datos de la máquina. Máquina apagada o desconectada. Último dato recibido: 2025-12-24 08:28:10.722128. 
2025-12-24 08:30:10.711256 -> Error: USB_MUTE          -> No se recibieron más datos de la máquina. Máquina apagada o desconectada. Último dato recibido: 2025-12-24 08:29:10.725815. 
2025-12-24 08:34:10.719322 -> Error: USB_MUTE          -> No se recibieron más datos de la máquina. Máquina apagada o desconectada. Último dato recibido: 2025-12-24 08:33:10.712883. 
2025-12-24 08:36:10.717929 -> Error: USB_MUTE          -> No se recibieron más datos de la máquina. Máquina apagada o desconectada. Último dato recibido: 2025-12-24 08:35:10.720184. 
2025-12-24 08:38:10.733349 -> Error: USB_MUTE          -> No se recibieron más datos de la máquina. Máquina apagada o desconectada. Último dato recibido: 2025-12-24 08:37:10.722153. 
2025-12-26 06:49:12.191151 -> Error: USB_MUTE          -> No se recibieron más datos de la máquina. Máquina apagada o desconectada. Último dato recibido: 2025-12-26 06:48:12.189988. 
2025-12-26 06:50:12.189412 -> Error: USB_MUTE          -> No se recibieron más datos de la máquina. Máquina apagada o desconectada. Último dato recibido: 2025-12-26 06:49:12.312234. 
2025-12-26 08:44:12.486520 -> Error: USB_MUTE          -> No se recibieron más datos de la máquina. Máquina apagada o desconectada. Último dato recibido: 2025-12-26 08:43:12.498764. 
2025-12-26 09:02:12.544319 -> Error: USB_MUTE          -> No se recibieron más datos de la máquina. Máquina apagada o desconectada. Último dato recibido: 2025-12-26 09:01:12.533395. 
2025-12-26 09:03:12.549678 -> Error: USB_MUTE          -> No se recibieron más datos de la máquina. Máquina apagada o desconectada. Último dato recibido: 2025-12-26 09:02:12.727355. 
2025-12-26 09:07:12.549065 -> Error: USB_MUTE          -> No se recibieron más datos de la máquina. Máquina apagada o desconectada. Último dato recibido: 2025-12-26 09:06:12.554939. 
2025-12-26 09:08:12.558521 -> Error: USB_MUTE          -> No se recibieron más datos de la máquina. Máquina apagada o desconectada. Último dato recibido: 2025-12-26 09:07:12.790834. 
2025-12-26 09:18:12.588863 -> Error: USB_MUTE          -> No se recibieron más datos de la máquina. Máquina apagada o desconectada. Último dato recibido: 2025-12-26 09:17:12.585602. 
2025-12-26 09:19:12.579061 -> Error: USB_MUTE          -> No se recibieron más datos de la máquina. Máquina apagada o desconectada. Último dato recibido: 2025-12-26 09:18:12.595899. 
2025-12-26 09:20:12.595516 -> Error: USB_MUTE          -> No se recibieron más datos de la máquina. Máquina apagada o desconectada. Último dato recibido: 2025-12-26 09:19:12.612301. 
2025-12-26 09:21:12.591723 -> Error: USB_MUTE          -> No se recibieron más datos de la máquina. Máquina apagada o desconectada. Último dato recibido: 2025-12-26 09:20:12.602079. 
2025-12-26 09:22:12.602004 -> Error: USB_MUTE          -> No se recibieron más datos de la máquina. Máquina apagada o desconectada. Último dato recibido: 2025-12-26 09:21:12.610448. 
2025-12-26 09:23:12.602045 -> Error: USB_MUTE          -> No se recibieron más datos de la máquina. Máquina apagada o desconectada. Último dato recibido: 2025-12-26 09:22:12.617695. 
2025-12-26 09:24:12.602333 -> Error: USB_MUTE          -> No se recibieron más datos de la máquina. Máquina apagada o desconectada. Último dato recibido: 2025-12-26 09:23:12.621847. 
2025-12-26 09:25:12.607649 -> Error: USB_MUTE          -> No se recibieron más datos de la máquina. Máquina apagada o desconectada. Último dato recibido: 2025-12-26 09:24:12.619970. 
2025-12-26 09:26:12.612636 -> Error: USB_MUTE          -> No se recibieron más datos de la máquina. Máquina apagada o desconectada. Último dato recibido: 2025-12-26 09:25:12.624835. 
2025-12-26 09:27:12.612451 -> Error: USB_MUTE          -> No se recibieron más datos de la máquina. Máquina apagada o desconectada. Último dato recibido: 2025-12-26 09:26:12.629758. 
2025-12-26 09:28:12.604441 -> Error: USB_MUTE          -> No se recibieron más datos de la máquina. Máquina apagada o desconectada. Último dato recibido: 2025-12-26 09:27:12.634280. 
2025-12-26 09:32:12.624153 -> Error: USB_MUTE          -> No se recibieron más datos de la máquina. Máquina apagada o desconectada. Último dato recibido: 2025-12-26 09:31:12.618567. 
2025-12-26 09:33:12.630207 -> Error: USB_MUTE          -> No se recibieron más datos de la máquina. Máquina apagada o desconectada. Último dato recibido: 2025-12-26 09:32:12.924451. 
2025-12-26 09:34:12.627630 -> Error: USB_MUTE          -> No se recibieron más datos de la máquina. Máquina apagada o desconectada. Último dato recibido: 2025-12-26 09:33:12.643767. 
2025-12-26 09:36:12.638748 -> Error: USB_MUTE          -> No se recibieron más datos de la máquina. Máquina apagada o desconectada. Último dato recibido: 2025-12-26 09:35:12.635177. 
2025-12-26 09:37:12.636142 -> Error: USB_MUTE          -> No se recibieron más datos de la máquina. Máquina apagada o desconectada. Último dato recibido: 2025-12-26 09:36:12.790378. 
2025-12-26 09:38:12.644092 -> Error: USB_MUTE          -> No se recibieron más datos de la máquina. Máquina apagada o desconectada. Último dato recibido: 2025-12-26 09:37:12.650149. 
2025-12-26 09:42:12.648673 -> Error: USB_MUTE          -> No se recibieron más datos de la máquina. Máquina apagada o desconectada. Último dato recibido: 2025-12-26 09:41:12.652550. 
2025-12-26 09:44:12.651185 -> Error: USB_MUTE          -> No se recibieron más datos de la máquina. Máquina apagada o desconectada. Último dato recibido: 2025-12-26 09:43:12.649438. 
2025-12-26 09:46:12.656683 -> Error: USB_MUTE          -> No se recibieron más datos de la máquina. Máquina apagada o desconectada. Último dato recibido: 2025-12-26 09:45:12.661464. 
2025-12-26 09:47:12.663907 -> Error: USB_MUTE          -> No se recibieron más datos de la máquina. Máquina apagada o desconectada. Último dato recibido: 2025-12-26 09:46:12.773310. 
2025-12-26 09:48:12.671014 -> Error: USB_MUTE          -> No se recibieron más datos de la máquina. Máquina apagada o desconectada. Último dato recibido: 2025-12-26 09:47:12.681609. 
2025-12-26 09:49:12.673595 -> Error: USB_MUTE          -> No se recibieron más datos de la máquina. Máquina apagada o desconectada. Último dato recibido: 2025-12-26 09:48:12.687236. 
2025-12-26 09:49:12.692313 -> Error: USB_MUTE          -> No se recibieron más datos de la máquina. Máquina apagada o desconectada. Último dato recibido: 2025-12-26 09:49:12.673595. 
2025-12-26 09:50:12.670788 -> Error: USB_MUTE          -> No se recibieron más datos de la máquina. Máquina apagada o desconectada. Último dato recibido: 2025-12-26 09:49:12.703927. 
2025-12-26 09:51:12.668652 -> Error: USB_MUTE          -> No se recibieron más datos de la máquina. Máquina apagada o desconectada. Último dato recibido: 2025-12-26 09:50:12.698501. 
2025-12-26 09:52:12.670006 -> Error: USB_MUTE          -> No se recibieron más datos de la máquina. Máquina apagada o desconectada. Último dato recibido: 2025-12-26 09:51:12.717707. 
2025-12-26 09:54:12.682941 -> Error: USB_MUTE          -> No se recibieron más datos de la máquina. Máquina apagada o desconectada. Último dato recibido: 2025-12-26 09:53:12.681988. 
2025-12-26 13:13:13.217814 -> Error: USB_MUTE          -> No se recibieron más datos de la máquina. Máquina apagada o desconectada. Último dato recibido: 2025-12-26 13:12:13.210404. 
2025-12-26 13:14:13.208717 -> Error: USB_MUTE          -> No se recibieron más datos de la máquina. Máquina apagada o desconectada. Último dato recibido: 2025-12-26 13:13:13.595780. 
2025-12-26 13:22:10.318593 -> Error: USB_MUTE          -> No se recibieron más datos de la máquina. Máquina apagada o desconectada. Último dato recibido: 2025-12-26 13:21:10.320928. 
2025-12-26 13:22:10.629957 -> Error: USB_MUTE          -> No se recibieron más datos de la máquina. Máquina apagada o desconectada. Último dato recibido: 2025-12-26 13:22:10.629957. 
2025-12-26 13:22:10.641491 -> Error: USB_MUTE          -> No se recibieron más datos de la máquina. Máquina apagada o desconectada. Último dato recibido: 2025-12-26 13:22:10.641491. 
2025-12-26 13:22:10.651498 -> Error: USB_MUTE          -> No se recibieron más datos de la máquina. Máquina apagada o desconectada. Último dato recibido: 2025-12-26 13:22:10.641491. 
2025-12-26 13:22:10.667137 -> Error: USB_MUTE          -> No se recibieron más datos de la máquina. Máquina apagada o desconectada. Último dato recibido: 2025-12-26 13:22:10.651498. 
2025-12-26 13:22:10.674744 -> Error: USB_MUTE          -> No se recibieron más datos de la máquina. Máquina apagada o desconectada. Último dato recibido: 2025-12-26 13:22:10.667137. 
2025-12-26 13:22:10.682258 -> Error: USB_MUTE          -> No se recibieron más datos de la máquina. Máquina apagada o desconectada. Último dato recibido: 2025-12-26 13:22:10.674744. 
2025-12-26 13:22:10.682258 -> Error: USB_MUTE          -> No se recibieron más datos de la máquina. Máquina apagada o desconectada. Último dato recibido: 2025-12-26 13:22:10.682258. 
2025-12-29 11:49:15.572263 -> Error: USB_MUTE          -> No se recibieron más datos de la máquina. Máquina apagada o desconectada. Último dato recibido: 2025-12-29 11:48:15.569942. 
2025-12-29 11:50:15.574554 -> Error: USB_MUTE          -> No se recibieron más datos de la máquina. Máquina apagada o desconectada. Último dato recibido: 2025-12-29 11:49:15.759310. 
2025-12-29 14:21:13.273336 -> Error: USB_MUTE          -> No se recibieron más datos de la máquina. Máquina apagada o desconectada. Último dato recibido: 2025-12-29 14:20:13.272423. 
2025-12-29 23:39:14.676866 -> Error: USB_MUTE          -> No se recibieron más datos de la máquina. Máquina apagada o desconectada. Último dato recibido: 2025-12-29 23:38:14.680114. 
2025-12-29 23:40:14.679156 -> Error: USB_MUTE          -> No se recibieron más datos de la máquina. Máquina apagada o desconectada. Último dato recibido: 2025-12-29 23:39:14.950985. 
2025-12-29 23:41:14.689783 -> Error: USB_MUTE          -> No se recibieron más datos de la máquina. Máquina apagada o desconectada. Último dato recibido: 2025-12-29 23:40:14.697370. 
2025-12-29 23:42:14.686309 -> Error: USB_MUTE          -> No se recibieron más datos de la máquina. Máquina apagada o desconectada. Último dato recibido: 2025-12-29 23:41:14.705317. 
2025-12-29 23:43:14.682579 -> Error: USB_MUTE          -> No se recibieron más datos de la máquina. Máquina apagada o desconectada. Último dato recibido: 2025-12-29 23:42:14.701949. 
2025-12-29 23:44:14.684332 -> Error: USB_MUTE          -> No se recibieron más datos de la máquina. Máquina apagada o desconectada. Último dato recibido: 2025-12-29 23:43:14.712781. 
2025-12-29 23:45:14.699551 -> Error: USB_MUTE          -> No se recibieron más datos de la máquina. Máquina apagada o desconectada. Último dato recibido: 2025-12-29 23:44:14.719636. 
2025-12-29 23:46:14.698055 -> Error: USB_MUTE          -> No se recibieron más datos de la máquina. Máquina apagada o desconectada. Último dato recibido: 2025-12-29 23:45:14.718251. 
2025-12-29 23:47:14.701894 -> Error: USB_MUTE          -> No se recibieron más datos de la máquina. Máquina apagada o desconectada. Último dato recibido: 2025-12-29 23:46:14.714141. 
2025-12-29 23:48:14.701458 -> Error: USB_MUTE          -> No se recibieron más datos de la máquina. Máquina apagada o desconectada. Último dato recibido: 2025-12-29 23:47:14.719570. 
2025-12-29 23:49:14.701698 -> Error: USB_MUTE          -> No se recibieron más datos de la máquina. Máquina apagada o desconectada. Último dato recibido: 2025-12-29 23:48:14.728609. 
2025-12-29 23:49:14.731940 -> Error: USB_MUTE          -> No se recibieron más datos de la máquina. Máquina apagada o desconectada. Último dato recibido: 2025-12-29 23:49:14.716250. 
2025-12-29 23:49:14.731940 -> Error: USB_MUTE          -> No se recibieron más datos de la máquina. Máquina apagada o desconectada. Último dato recibido: 2025-12-29 23:49:14.731940. 
2025-12-29 23:49:14.747575 -> Error: USB_MUTE          -> No se recibieron más datos de la máquina. Máquina apagada o desconectada. Último dato recibido: 2025-12-29 23:49:14.731940. 
2025-12-29 23:49:14.747575 -> Error: USB_MUTE          -> No se recibieron más datos de la máquina. Máquina apagada o desconectada. Último dato recibido: 2025-12-29 23:49:14.747575. 
2025-12-31 10:10:17.251516 -> Error: USB_MUTE          -> No se recibieron más datos de la máquina. Máquina apagada o desconectada. Último dato recibido: 2025-12-31 10:09:17.250541. 
2026-01-02 11:57:19.457190 -> Error: USB_MUTE          -> No se recibieron más datos de la máquina. Máquina apagada o desconectada. Último dato recibido: 2026-01-02 11:56:19.465546. 
2026-01-02 11:58:19.473216 -> Error: USB_MUTE          -> No se recibieron más datos de la máquina. Máquina apagada o desconectada. Último dato recibido: 2026-01-02 11:57:19.623944. 
2026-01-03 05:03:19.376433 -> Error: USB_MUTE          -> No se recibieron más datos de la máquina. Máquina apagada o desconectada. Último dato recibido: 2026-01-03 05:02:19.372932. 
2026-01-03 05:04:19.384117 -> Error: USB_MUTE          -> No se recibieron más datos de la máquina. Máquina apagada o desconectada. Último dato recibido: 2026-01-03 05:03:19.376433. 
2026-01-12 09:25:43.803676 -> Error: USB_MUTE          -> No se recibieron más datos de la máquina. Máquina apagada o desconectada. Último dato recibido: 2026-01-12 09:24:43.801679. 
2026-01-12 09:26:43.805576 -> Error: USB_MUTE          -> No se recibieron más datos de la máquina. Máquina apagada o desconectada. Último dato recibido: 2026-01-12 09:25:43.847239. 
2026-01-12 09:27:43.808523 -> Error: USB_MUTE          -> No se recibieron más datos de la máquina. Máquina apagada o desconectada. Último dato recibido: 2026-01-12 09:26:43.819678. 
2026-01-12 09:28:43.811446 -> Error: USB_MUTE          -> No se recibieron más datos de la máquina. Máquina apagada o desconectada. Último dato recibido: 2026-01-12 09:27:43.824522. 
2026-01-12 09:29:43.814383 -> Error: USB_MUTE          -> No se recibieron más datos de la máquina. Máquina apagada o desconectada. Último dato recibido: 2026-01-12 09:28:43.826401. 
2026-01-12 09:38:43.837681 -> Error: USB_MUTE          -> No se recibieron más datos de la máquina. Máquina apagada o desconectada. Último dato recibido: 2026-01-12 09:37:43.836420. 
2026-01-12 09:39:43.840604 -> Error: USB_MUTE          -> No se recibieron más datos de la máquina. Máquina apagada o desconectada. Último dato recibido: 2026-01-12 09:38:43.985839. 
2026-01-12 10:01:43.898812 -> Error: USB_MUTE          -> No se recibieron más datos de la máquina. Máquina apagada o desconectada. Último dato recibido: 2026-01-12 10:00:43.897901. 
2026-01-12 10:02:43.894784 -> Error: USB_MUTE          -> No se recibieron más datos de la máquina. Máquina apagada o desconectada. Último dato recibido: 2026-01-12 10:01:43.998370. 
2026-01-12 10:03:43.899460 -> Error: USB_MUTE          -> No se recibieron más datos de la máquina. Máquina apagada o desconectada. Último dato recibido: 2026-01-12 10:02:43.910442. 
2026-01-12 10:04:43.896724 -> Error: USB_MUTE          -> No se recibieron más datos de la máquina. Máquina apagada o desconectada. Último dato recibido: 2026-01-12 10:03:43.915104. 
2026-01-12 10:05:43.905636 -> Error: USB_MUTE          -> No se recibieron más datos de la máquina. Máquina apagada o desconectada. Último dato recibido: 2026-01-12 10:04:43.915828. 
2026-01-12 10:06:43.910124 -> Error: USB_MUTE          -> No se recibieron más datos de la máquina. Máquina apagada o desconectada. Último dato recibido: 2026-01-12 10:05:43.920165. 
2026-01-12 10:07:43.911870 -> Error: USB_MUTE          -> No se recibieron más datos de la máquina. Máquina apagada o desconectada. Último dato recibido: 2026-01-12 10:06:43.925765. 
2026-01-12 10:08:43.918105 -> Error: USB_MUTE          -> No se recibieron más datos de la máquina. Máquina apagada o desconectada. Último dato recibido: 2026-01-12 10:07:43.928940. 
2026-01-12 10:09:43.921888 -> Error: USB_MUTE          -> No se recibieron más datos de la máquina. Máquina apagada o desconectada. Último dato recibido: 2026-01-12 10:08:43.918105. 
2026-01-12 10:10:43.919880 -> Error: USB_MUTE          -> No se recibieron más datos de la máquina. Máquina apagada o desconectada. Último dato recibido: 2026-01-12 10:09:43.932522. 
2026-01-12 10:11:43.912276 -> Error: USB_MUTE          -> No se recibieron más datos de la máquina. Máquina apagada o desconectada. Último dato recibido: 2026-01-12 10:10:43.935519. 
2026-01-12 10:12:43.929079 -> Error: USB_MUTE          -> No se recibieron más datos de la máquina. Máquina apagada o desconectada. Último dato recibido: 2026-01-12 10:11:43.942429. 
2026-01-12 10:13:43.925277 -> Error: USB_MUTE          -> No se recibieron más datos de la máquina. Máquina apagada o desconectada. Último dato recibido: 2026-01-12 10:12:43.942243. 
2026-01-12 10:14:43.934926 -> Error: USB_MUTE          -> No se recibieron más datos de la máquina. Máquina apagada o desconectada. Último dato recibido: 2026-01-12 10:13:43.939814. 
2026-01-12 10:15:43.937301 -> Error: USB_MUTE          -> No se recibieron más datos de la máquina. Máquina apagada o desconectada. Último dato recibido: 2026-01-12 10:14:43.940720. 
2026-01-12 10:16:43.936842 -> Error: USB_MUTE          -> No se recibieron más datos de la máquina. Máquina apagada o desconectada. Último dato recibido: 2026-01-12 10:15:43.947371. 
2026-01-12 10:17:43.938917 -> Error: USB_MUTE          -> No se recibieron más datos de la máquina. Máquina apagada o desconectada. Último dato recibido: 2026-01-12 10:16:43.942378. 
2026-01-12 10:19:43.937862 -> Error: USB_MUTE          -> No se recibieron más datos de la máquina. Máquina apagada o desconectada. Último dato recibido: 2026-01-12 10:18:43.935117. 
2026-01-12 10:20:43.951467 -> Error: USB_MUTE          -> No se recibieron más datos de la máquina. Máquina apagada o desconectada. Último dato recibido: 2026-01-12 10:19:44.022483. 
2026-01-12 10:21:43.944479 -> Error: USB_MUTE          -> No se recibieron más datos de la máquina. Máquina apagada o desconectada. Último dato recibido: 2026-01-12 10:20:43.963633. 
2026-01-12 10:22:43.956314 -> Error: USB_MUTE          -> No se recibieron más datos de la máquina. Máquina apagada o desconectada. Último dato recibido: 2026-01-12 10:21:43.959516. 
2026-01-12 10:23:43.957914 -> Error: USB_MUTE          -> No se recibieron más datos de la máquina. Máquina apagada o desconectada. Último dato recibido: 2026-01-12 10:22:43.970314. 
2026-01-12 10:24:43.948364 -> Error: USB_MUTE          -> No se recibieron más datos de la máquina. Máquina apagada o desconectada. Último dato recibido: 2026-01-12 10:23:43.957914. 
2026-01-12 10:25:43.965304 -> Error: USB_MUTE          -> No se recibieron más datos de la máquina. Máquina apagada o desconectada. Último dato recibido: 2026-01-12 10:24:43.964004. 
2026-01-12 10:26:43.966888 -> Error: USB_MUTE          -> No se recibieron más datos de la máquina. Máquina apagada o desconectada. Último dato recibido: 2026-01-12 10:25:43.989683. 
2026-01-12 10:27:43.969307 -> Error: USB_MUTE          -> No se recibieron más datos de la máquina. Máquina apagada o desconectada. Último dato recibido: 2026-01-12 10:26:43.975401. 
2026-01-12 10:28:43.964199 -> Error: USB_MUTE          -> No se recibieron más datos de la máquina. Máquina apagada o desconectada. Último dato recibido: 2026-01-12 10:27:43.983924. 
2026-01-12 10:29:43.964721 -> Error: USB_MUTE          -> No se recibieron más datos de la máquina. Máquina apagada o desconectada. Último dato recibido: 2026-01-12 10:28:43.983256. 
2026-01-12 10:30:43.976239 -> Error: USB_MUTE          -> No se recibieron más datos de la máquina. Máquina apagada o desconectada. Último dato recibido: 2026-01-12 10:29:43.979776. 
2026-01-12 10:31:43.968363 -> Error: USB_MUTE          -> No se recibieron más datos de la máquina. Máquina apagada o desconectada. Último dato recibido: 2026-01-12 10:30:43.991358. 
2026-01-12 10:32:43.983203 -> Error: USB_MUTE          -> No se recibieron más datos de la máquina. Máquina apagada o desconectada. Último dato recibido: 2026-01-12 10:31:43.990059. 
2026-01-12 10:33:43.986802 -> Error: USB_MUTE          -> No se recibieron más datos de la máquina. Máquina apagada o desconectada. Último dato recibido: 2026-01-12 10:32:44.025125. 
2026-01-12 10:34:43.989803 -> Error: USB_MUTE          -> No se recibieron más datos de la máquina. Máquina apagada o desconectada. Último dato recibido: 2026-01-12 10:33:44.002342. 
2026-01-12 10:35:43.992319 -> Error: USB_MUTE          -> No se recibieron más datos de la máquina. Máquina apagada o desconectada. Último dato recibido: 2026-01-12 10:34:44.085370. 
2026-01-12 10:36:43.994170 -> Error: USB_MUTE          -> No se recibieron más datos de la máquina. Máquina apagada o desconectada. Último dato recibido: 2026-01-12 10:35:44.009319. 
2026-01-12 10:37:43.997338 -> Error: USB_MUTE          -> No se recibieron más datos de la máquina. Máquina apagada o desconectada. Último dato recibido: 2026-01-12 10:36:44.009814. 
2026-01-12 10:38:44.000384 -> Error: USB_MUTE          -> No se recibieron más datos de la máquina. Máquina apagada o desconectada. Último dato recibido: 2026-01-12 10:37:44.014166. 
2026-01-12 10:39:44.003273 -> Error: USB_MUTE          -> No se recibieron más datos de la máquina. Máquina apagada o desconectada. Último dato recibido: 2026-01-12 10:38:44.018109. 
2026-01-12 10:40:44.004936 -> Error: USB_MUTE          -> No se recibieron más datos de la máquina. Máquina apagada o desconectada. Último dato recibido: 2026-01-12 10:39:44.017756. 
2026-01-12 16:42:41.840193 -> Error: USB_MUTE          -> No se recibieron más datos de la máquina. Máquina apagada o desconectada. Último dato recibido: 2026-01-12 16:41:41.843643. 
2026-01-12 16:43:41.836093 -> Error: USB_MUTE          -> No se recibieron más datos de la máquina. Máquina apagada o desconectada. Último dato recibido: 2026-01-12 16:42:41.905026. 
2026-01-12 16:44:41.836519 -> Error: USB_MUTE          -> No se recibieron más datos de la máquina. Máquina apagada o desconectada. Último dato recibido: 2026-01-12 16:43:41.860367. 
2026-01-12 16:45:41.852620 -> Error: USB_MUTE          -> No se recibieron más datos de la máquina. Máquina apagada o desconectada. Último dato recibido: 2026-01-12 16:44:41.862762. 
2026-01-12 16:48:41.861775 -> Error: USB_MUTE          -> No se recibieron más datos de la máquina. Máquina apagada o desconectada. Último dato recibido: 2026-01-12 16:47:41.858967. 
2026-01-12 16:49:41.861669 -> Error: USB_MUTE          -> No se recibieron más datos de la máquina. Máquina apagada o desconectada. Último dato recibido: 2026-01-12 16:48:41.910566. 
2026-01-13 13:08:51.265584 -> Error: USB_MUTE          -> No se recibieron más datos de la máquina. Máquina apagada o desconectada. Último dato recibido: 2026-01-13 12:50:44.980786. 
2026-01-15 15:06:52.501169 -> Error: USB_CONN          -> No se pudo conectar con CH340 (Driver USB de la máquina). could not open port 'COM3': PermissionError(13, 'Acceso denegado.', None, 5)
2026-01-15 15:11:52.521634 -> Error: USB_MUTE          -> No se recibieron más datos de la máquina. Máquina apagada o desconectada. Último dato recibido: 2026-01-15 15:06:52.515790. 
2026-01-21 08:58:22.832229 -> Error: USB_MUTE          -> No se recibieron más datos de la máquina. Máquina apagada o desconectada. Último dato recibido: 2026-01-21 08:57:22.838104. 
2026-01-23 10:42:31.242535 -> Error: USB_CONN          -> No se pudo conectar con CH340 (Driver USB de la máquina). could not open port 'COM3': PermissionError(13, 'Acceso denegado.', None, 5)
2026-01-23 15:29:42.618163 -> Error: USB_MUTE          -> No se recibieron más datos de la máquina. Máquina apagada o desconectada. Último dato recibido: 2026-01-23 15:28:42.618087. 
2026-01-23 15:43:42.650187 -> Error: USB_MUTE          -> No se recibieron más datos de la máquina. Máquina apagada o desconectada. Último dato recibido: 2026-01-23 15:42:42.643646. 
2026-01-24 11:35:47.014541 -> Error: USB_MUTE          -> No se recibieron más datos de la máquina. Máquina apagada o desconectada. Último dato recibido: 2026-01-24 11:30:45.595716. 
2026-01-26 06:06:49.097692 -> Error: USB_MUTE          -> No se recibieron más datos de la máquina. Máquina apagada o desconectada. Último dato recibido: 2026-01-26 06:05:49.107476. 
2026-02-02 05:54:07.701967 -> Error: USB_CONN          -> No se pudo conectar con CH340 (Driver USB de la máquina). could not open port 'COM3': PermissionError(13, 'Acceso denegado.', None, 5)
2026-02-06 16:12:46.214211 -> Error: USB_MUTE          -> No se recibieron más datos de la máquina. Máquina apagada o desconectada. Último dato recibido: 2026-02-06 16:11:46.205227. 
2026-02-09 16:40:48.731979 -> Error: USB_MUTE          -> No se recibieron más datos de la máquina. Máquina apagada o desconectada. Último dato recibido: 2026-02-09 16:39:48.741251. 
2026-02-11 09:01:52.208460 -> Error: USB_MUTE          -> No se recibieron más datos de la máquina. Máquina apagada o desconectada. Último dato recibido: 2026-02-11 09:00:52.212173. 
2026-02-11 09:02:52.213808 -> Error: USB_MUTE          -> No se recibieron más datos de la máquina. Máquina apagada o desconectada. Último dato recibido: 2026-02-11 09:01:52.280399. 
2026-02-11 09:03:52.221864 -> Error: USB_MUTE          -> No se recibieron más datos de la máquina. Máquina apagada o desconectada. Último dato recibido: 2026-02-11 09:02:52.237607. 
2026-02-16 07:22:56.398079 -> Error: USB_MUTE          -> No se recibieron más datos de la máquina. Máquina apagada o desconectada. Último dato recibido: 2026-02-16 07:21:56.395854. 
2026-02-16 07:24:56.413293 -> Error: USB_MUTE          -> No se recibieron más datos de la máquina. Máquina apagada o desconectada. Último dato recibido: 2026-02-16 07:23:56.414311. 
2026-02-18 17:47:56.625944 -> Error: USB_MUTE          -> No se recibieron más datos de la máquina. Máquina apagada o desconectada. Último dato recibido: 2026-02-18 17:46:56.621415. 
2026-02-20 17:06:29.180987 -> Error: USB_MUTE          -> No se recibieron más datos de la máquina. Máquina apagada o desconectada. Último dato recibido: 2026-02-20 17:05:29.176511. 
2026-02-20 17:07:29.182942 -> Error: USB_MUTE          -> No se recibieron más datos de la máquina. Máquina apagada o desconectada. Último dato recibido: 2026-02-20 17:06:29.264934. 
2026-02-20 17:08:29.171679 -> Error: USB_MUTE          -> No se recibieron más datos de la máquina. Máquina apagada o desconectada. Último dato recibido: 2026-02-20 17:07:29.182942. 
2026-02-20 17:09:29.186332 -> Error: USB_MUTE          -> No se recibieron más datos de la máquina. Máquina apagada o desconectada. Último dato recibido: 2026-02-20 17:08:29.188350. 
2026-02-20 17:10:29.191001 -> Error: USB_MUTE          -> No se recibieron más datos de la máquina. Máquina apagada o desconectada. Último dato recibido: 2026-02-20 17:09:29.199376. 
2026-02-20 17:11:29.193525 -> Error: USB_MUTE          -> No se recibieron más datos de la máquina. Máquina apagada o desconectada. Último dato recibido: 2026-02-20 17:10:29.191001. 
2026-02-20 17:12:29.183611 -> Error: USB_MUTE          -> No se recibieron más datos de la máquina. Máquina apagada o desconectada. Último dato recibido: 2026-02-20 17:11:29.226976. 
2026-02-20 17:13:29.195372 -> Error: USB_MUTE          -> No se recibieron más datos de la máquina. Máquina apagada o desconectada. Último dato recibido: 2026-02-20 17:12:29.199795. 
2026-02-20 17:32:29.250895 -> Error: USB_MUTE          -> No se recibieron más datos de la máquina. Máquina apagada o desconectada. Último dato recibido: 2026-02-20 17:31:29.237056. 
2026-02-20 17:33:29.243449 -> Error: USB_MUTE          -> No se recibieron más datos de la máquina. Máquina apagada o desconectada. Último dato recibido: 2026-02-20 17:32:29.413382. 
2026-02-24 08:26:34.176075 -> Error: USB_MUTE          -> No se recibieron más datos de la máquina. Máquina apagada o desconectada. Último dato recibido: 2026-02-24 08:25:34.180483. 
2026-02-24 08:27:34.184784 -> Error: USB_MUTE          -> No se recibieron más datos de la máquina. Máquina apagada o desconectada. Último dato recibido: 2026-02-24 08:26:34.408845. 
2026-02-24 08:28:34.188128 -> Error: USB_MUTE          -> No se recibieron más datos de la máquina. Máquina apagada o desconectada. Último dato recibido: 2026-02-24 08:27:34.199431. 
2026-02-24 08:29:34.190610 -> Error: USB_MUTE          -> No se recibieron más datos de la máquina. Máquina apagada o desconectada. Último dato recibido: 2026-02-24 08:28:34.203160. 
2026-02-24 08:30:34.189595 -> Error: USB_MUTE          -> No se recibieron más datos de la máquina. Máquina apagada o desconectada. Último dato recibido: 2026-02-24 08:29:34.203755. 
2026-02-24 08:31:34.192586 -> Error: USB_MUTE          -> No se recibieron más datos de la máquina. Máquina apagada o desconectada. Último dato recibido: 2026-02-24 08:30:34.205678. 
2026-02-24 08:32:34.197202 -> Error: USB_MUTE          -> No se recibieron más datos de la máquina. Máquina apagada o desconectada. Último dato recibido: 2026-02-24 08:31:34.208227. 
2026-02-24 08:33:34.189203 -> Error: USB_MUTE          -> No se recibieron más datos de la máquina. Máquina apagada o desconectada. Último dato recibido: 2026-02-24 08:32:34.212892. 
2026-02-24 08:34:34.198971 -> Error: USB_MUTE          -> No se recibieron más datos de la máquina. Máquina apagada o desconectada. Último dato recibido: 2026-02-24 08:33:34.208874. 
2026-02-24 08:36:34.202411 -> Error: USB_MUTE          -> No se recibieron más datos de la máquina. Máquina apagada o desconectada. Último dato recibido: 2026-02-24 08:35:34.194990. 
2026-02-24 08:37:34.208628 -> Error: USB_MUTE          -> No se recibieron más datos de la máquina. Máquina apagada o desconectada. Último dato recibido: 2026-02-24 08:36:34.300137. 
2026-03-03 06:14:02.350782 -> Error: USB_MUTE          -> No se recibieron más datos de la máquina. Máquina apagada o desconectada. Último dato recibido: 2026-03-03 06:13:02.362305. 
2026-03-13 15:13:43.427151 -> Error: USB_MUTE          -> No se recibieron más datos de la máquina. Máquina apagada o desconectada. Último dato recibido: 2026-03-13 15:12:43.427316. 
2026-03-13 15:14:43.427501 -> Error: USB_MUTE          -> No se recibieron más datos de la máquina. Máquina apagada o desconectada. Último dato recibido: 2026-03-13 15:13:43.432162. 
2026-03-13 15:15:43.425823 -> Error: USB_MUTE          -> No se recibieron más datos de la máquina. Máquina apagada o desconectada. Último dato recibido: 2026-03-13 15:14:43.442540. 
2026-03-13 20:27:44.307390 -> Error: USB_MUTE          -> No se recibieron más datos de la máquina. Máquina apagada o desconectada. Último dato recibido: 2026-03-13 20:26:44.298032. 
2026-03-13 20:28:44.306965 -> Error: USB_MUTE          -> No se recibieron más datos de la máquina. Máquina apagada o desconectada. Último dato recibido: 2026-03-13 20:27:44.373820. 
2026-03-13 20:28:44.322605 -> Error: USB_MUTE          -> No se recibieron más datos de la máquina. Máquina apagada o desconectada. Último dato recibido: 2026-03-13 20:28:44.322605. 
2026-03-13 20:28:44.337378 -> Error: USB_MUTE          -> No se recibieron más datos de la máquina. Máquina apagada o desconectada. Último dato recibido: 2026-03-13 20:28:44.322605. 
2026-03-13 20:28:44.337378 -> Error: USB_MUTE          -> No se recibieron más datos de la máquina. Máquina apagada o desconectada. Último dato recibido: 2026-03-13 20:28:44.337378. 
2026-03-13 20:28:44.353019 -> Error: USB_MUTE          -> No se recibieron más datos de la máquina. Máquina apagada o desconectada. Último dato recibido: 2026-03-13 20:28:44.337378. 
2026-03-13 20:29:44.310515 -> Error: USB_MUTE          -> No se recibieron más datos de la máquina. Máquina apagada o desconectada. Último dato recibido: 2026-03-13 20:28:44.353019. 
2026-03-13 20:29:44.323022 -> Error: USB_MUTE          -> No se recibieron más datos de la máquina. Máquina apagada o desconectada. Último dato recibido: 2026-03-13 20:29:44.310515. 
2026-03-13 20:29:44.323022 -> Error: USB_MUTE          -> No se recibieron más datos de la máquina. Máquina apagada o desconectada. Último dato recibido: 2026-03-13 20:29:44.323022. 
2026-03-13 20:29:44.341768 -> Error: USB_MUTE          -> No se recibieron más datos de la máquina. Máquina apagada o desconectada. Último dato recibido: 2026-03-13 20:29:44.323022. 
2026-03-13 20:29:44.353327 -> Error: USB_MUTE          -> No se recibieron más datos de la máquina. Máquina apagada o desconectada. Último dato recibido: 2026-03-13 20:29:44.341768. 
2026-03-13 20:30:44.316461 -> Error: USB_MUTE          -> No se recibieron más datos de la máquina. Máquina apagada o desconectada. Último dato recibido: 2026-03-13 20:29:44.353327. 
2026-03-13 20:30:44.316461 -> Error: USB_MUTE          -> No se recibieron más datos de la máquina. Máquina apagada o desconectada. Último dato recibido: 2026-03-13 20:30:44.316461. 
2026-03-13 20:30:44.332101 -> Error: USB_MUTE          -> No se recibieron más datos de la máquina. Máquina apagada o desconectada. Último dato recibido: 2026-03-13 20:30:44.332101. 
2026-03-13 20:30:44.346732 -> Error: USB_MUTE          -> No se recibieron más datos de la máquina. Máquina apagada o desconectada. Último dato recibido: 2026-03-13 20:30:44.332101. 
2026-03-13 20:30:44.346732 -> Error: USB_MUTE          -> No se recibieron más datos de la máquina. Máquina apagada o desconectada. Último dato recibido: 2026-03-13 20:30:44.346732. 
2026-03-13 20:31:44.316925 -> Error: USB_MUTE          -> No se recibieron más datos de la máquina. Máquina apagada o desconectada. Último dato recibido: 2026-03-13 20:30:44.346732. 
2026-03-13 20:31:44.332589 -> Error: USB_MUTE          -> No se recibieron más datos de la máquina. Máquina apagada o desconectada. Último dato recibido: 2026-03-13 20:31:44.316925. 
2026-03-13 20:31:44.332589 -> Error: USB_MUTE          -> No se recibieron más datos de la máquina. Máquina apagada o desconectada. Último dato recibido: 2026-03-13 20:31:44.332589. 
2026-03-13 20:31:44.348229 -> Error: USB_MUTE          -> No se recibieron más datos de la máquina. Máquina apagada o desconectada. Último dato recibido: 2026-03-13 20:31:44.332589. 
2026-03-13 20:31:44.348229 -> Error: USB_MUTE          -> No se recibieron más datos de la máquina. Máquina apagada o desconectada. Último dato recibido: 2026-03-13 20:31:44.348229. 
2026-03-13 20:32:44.326716 -> Error: USB_MUTE          -> No se recibieron más datos de la máquina. Máquina apagada o desconectada. Último dato recibido: 2026-03-13 20:31:44.361769. 
2026-03-13 20:32:44.326716 -> Error: USB_MUTE          -> No se recibieron más datos de la máquina. Máquina apagada o desconectada. Último dato recibido: 2026-03-13 20:32:44.326716. 
2026-03-13 20:32:44.343932 -> Error: USB_MUTE          -> No se recibieron más datos de la máquina. Máquina apagada o desconectada. Último dato recibido: 2026-03-13 20:32:44.326716. 
2026-03-13 20:32:44.343932 -> Error: USB_MUTE          -> No se recibieron más datos de la máquina. Máquina apagada o desconectada. Último dato recibido: 2026-03-13 20:32:44.343932. 
2026-03-13 20:32:44.360014 -> Error: USB_MUTE          -> No se recibieron más datos de la máquina. Máquina apagada o desconectada. Último dato recibido: 2026-03-13 20:32:44.343932. 
2026-03-13 20:33:44.328727 -> Error: USB_MUTE          -> No se recibieron más datos de la máquina. Máquina apagada o desconectada. Último dato recibido: 2026-03-13 20:32:44.360014. 
2026-03-13 20:33:44.337789 -> Error: USB_MUTE          -> No se recibieron más datos de la máquina. Máquina apagada o desconectada. Último dato recibido: 2026-03-13 20:33:44.328727. 
2026-03-13 20:33:44.337789 -> Error: USB_MUTE          -> No se recibieron más datos de la máquina. Máquina apagada o desconectada. Último dato recibido: 2026-03-13 20:33:44.337789. 
2026-03-13 20:33:44.354553 -> Error: USB_MUTE          -> No se recibieron más datos de la máquina. Máquina apagada o desconectada. Último dato recibido: 2026-03-13 20:33:44.337789. 
2026-03-13 20:33:44.359153 -> Error: USB_MUTE          -> No se recibieron más datos de la máquina. Máquina apagada o desconectada. Último dato recibido: 2026-03-13 20:33:44.354553. 
2026-03-13 20:34:44.323134 -> Error: USB_MUTE          -> No se recibieron más datos de la máquina. Máquina apagada o desconectada. Último dato recibido: 2026-03-13 20:33:44.359153. 
2026-03-13 20:34:44.339261 -> Error: USB_MUTE          -> No se recibieron más datos de la máquina. Máquina apagada o desconectada. Último dato recibido: 2026-03-13 20:34:44.323134. 
2026-03-13 20:34:44.347863 -> Error: USB_MUTE          -> No se recibieron más datos de la máquina. Máquina apagada o desconectada. Último dato recibido: 2026-03-13 20:34:44.339261. 
2026-03-13 20:34:44.356393 -> Error: USB_MUTE          -> No se recibieron más datos de la máquina. Máquina apagada o desconectada. Último dato recibido: 2026-03-13 20:34:44.347863. 
2026-03-13 20:34:44.365416 -> Error: USB_MUTE          -> No se recibieron más datos de la máquina. Máquina apagada o desconectada. Último dato recibido: 2026-03-13 20:34:44.356393. 
2026-03-13 20:37:44.336335 -> Error: USB_MUTE          -> No se recibieron más datos de la máquina. Máquina apagada o desconectada. Último dato recibido: 2026-03-13 20:36:44.327095. 
2026-03-13 20:39:44.330513 -> Error: USB_MUTE          -> No se recibieron más datos de la máquina. Máquina apagada o desconectada. Último dato recibido: 2026-03-13 20:38:44.336252. 
2026-03-13 20:40:44.336616 -> Error: USB_MUTE          -> No se recibieron más datos de la máquina. Máquina apagada o desconectada. Último dato recibido: 2026-03-13 20:39:44.430299. 
2026-03-13 20:41:44.337330 -> Error: USB_MUTE          -> No se recibieron más datos de la máquina. Máquina apagada o desconectada. Último dato recibido: 2026-03-13 20:40:44.352275. 
2026-03-13 20:42:44.340715 -> Error: USB_MUTE          -> No se recibieron más datos de la máquina. Máquina apagada o desconectada. Último dato recibido: 2026-03-13 20:41:44.350838. 
2026-03-13 20:43:44.345235 -> Error: USB_MUTE          -> No se recibieron más datos de la máquina. Máquina apagada o desconectada. Último dato recibido: 2026-03-13 20:42:44.353237. 
2026-03-13 20:44:44.356171 -> Error: USB_MUTE          -> No se recibieron más datos de la máquina. Máquina apagada o desconectada. Último dato recibido: 2026-03-13 20:43:44.363894. 
2026-03-13 21:20:44.447343 -> Error: USB_MUTE          -> No se recibieron más datos de la máquina. Máquina apagada o desconectada. Último dato recibido: 2026-03-13 21:19:44.455321. 
2026-03-13 21:21:44.453490 -> Error: USB_MUTE          -> No se recibieron más datos de la máquina. Máquina apagada o desconectada. Último dato recibido: 2026-03-13 21:20:44.547303. 
2026-03-13 21:22:44.449580 -> Error: USB_MUTE          -> No se recibieron más datos de la máquina. Máquina apagada o desconectada. Último dato recibido: 2026-03-13 21:21:44.469086. 
2026-03-13 21:23:44.463111 -> Error: USB_MUTE          -> No se recibieron más datos de la máquina. Máquina apagada o desconectada. Último dato recibido: 2026-03-13 21:22:44.474357. 
2026-03-13 21:24:44.466954 -> Error: USB_MUTE          -> No se recibieron más datos de la máquina. Máquina apagada o desconectada. Último dato recibido: 2026-03-13 21:23:44.480847. 
2026-03-13 21:25:44.467760 -> Error: USB_MUTE          -> No se recibieron más datos de la máquina. Máquina apagada o desconectada. Último dato recibido: 2026-03-13 21:24:44.481066. 
2026-03-13 21:26:44.471433 -> Error: USB_MUTE          -> No se recibieron más datos de la máquina. Máquina apagada o desconectada. Último dato recibido: 2026-03-13 21:25:44.475268. 
2026-03-13 21:27:44.474461 -> Error: USB_MUTE          -> No se recibieron más datos de la máquina. Máquina apagada o desconectada. Último dato recibido: 2026-03-13 21:26:44.487125. 
2026-03-13 21:28:44.473841 -> Error: USB_MUTE          -> No se recibieron más datos de la máquina. Máquina apagada o desconectada. Último dato recibido: 2026-03-13 21:27:44.490152. 
2026-03-13 21:29:44.473766 -> Error: USB_MUTE          -> No se recibieron más datos de la máquina. Máquina apagada o desconectada. Último dato recibido: 2026-03-13 21:28:44.491427. 
2026-03-13 21:30:44.480121 -> Error: USB_MUTE          -> No se recibieron más datos de la máquina. Máquina apagada o desconectada. Último dato recibido: 2026-03-13 21:29:44.489405. 
2026-03-13 21:31:44.476173 -> Error: USB_MUTE          -> No se recibieron más datos de la máquina. Máquina apagada o desconectada. Último dato recibido: 2026-03-13 21:30:44.496228. 
2026-03-13 21:34:44.487859 -> Error: USB_MUTE          -> No se recibieron más datos de la máquina. Máquina apagada o desconectada. Último dato recibido: 2026-03-13 21:33:44.488073. 
2026-03-13 21:35:44.483572 -> Error: USB_MUTE          -> No se recibieron más datos de la máquina. Máquina apagada o desconectada. Último dato recibido: 2026-03-13 21:34:44.606119. 
2026-03-13 21:36:44.501788 -> Error: USB_MUTE          -> No se recibieron más datos de la máquina. Máquina apagada o desconectada. Último dato recibido: 2026-03-13 21:35:44.513827. 
2026-03-13 21:37:44.501555 -> Error: USB_MUTE          -> No se recibieron más datos de la máquina. Máquina apagada o desconectada. Último dato recibido: 2026-03-13 21:36:44.515916. 
2026-03-13 21:38:44.507217 -> Error: USB_MUTE          -> No se recibieron más datos de la máquina. Máquina apagada o desconectada. Último dato recibido: 2026-03-13 21:37:44.513615. 
2026-03-13 21:39:44.502291 -> Error: USB_MUTE          -> No se recibieron más datos de la máquina. Máquina apagada o desconectada. Último dato recibido: 2026-03-13 21:38:44.522836. 
2026-03-13 21:40:44.501818 -> Error: USB_MUTE          -> No se recibieron más datos de la máquina. Máquina apagada o desconectada. Último dato recibido: 2026-03-13 21:39:44.525549. 
2026-03-13 21:41:44.513678 -> Error: USB_MUTE          -> No se recibieron más datos de la máquina. Máquina apagada o desconectada. Último dato recibido: 2026-03-13 21:40:44.519508. 
2026-03-14 19:11:22.189838 -> Error: USB_CONN          -> No se pudo conectar con CH340 (Driver USB de la máquina). could not open port 'COM3': PermissionError(13, 'Acceso denegado.', None, 5)
2026-03-14 19:16:22.223070 -> Error: USB_MUTE          -> No se recibieron más datos de la máquina. Máquina apagada o desconectada. Último dato recibido: 2026-03-14 19:11:22.210611. 
2026-03-16 05:45:22.590099 -> Error: USB_CONN          -> No se pudo conectar con CH340 (Driver USB de la máquina). could not open port 'COM3': PermissionError(13, 'Acceso denegado.', None, 5)
2026-03-17 11:07:49.609790 -> Error: USB_MUTE          -> No se recibieron más datos de la máquina. Máquina apagada o desconectada. Último dato recibido: 2026-03-17 11:06:49.610907. 
2026-03-17 11:08:49.612352 -> Error: USB_MUTE          -> No se recibieron más datos de la máquina. Máquina apagada o desconectada. Último dato recibido: 2026-03-17 11:07:49.752824. 
2026-03-19 06:47:50.263214 -> Error: USB_MUTE          -> No se recibieron más datos de la máquina. Máquina apagada o desconectada. Último dato recibido: 2026-03-19 06:46:50.262338. 
2026-03-20 17:55:49.835739 -> Error: USB_MUTE          -> No se recibieron más datos de la máquina. Máquina apagada o desconectada. Último dato recibido: 2026-03-20 17:54:49.837694. 
2026-03-20 17:56:49.841187 -> Error: USB_MUTE          -> No se recibieron más datos de la máquina. Máquina apagada o desconectada. Último dato recibido: 2026-03-20 17:55:49.956617. 
2026-03-20 17:57:49.845863 -> Error: USB_MUTE          -> No se recibieron más datos de la máquina. Máquina apagada o desconectada. Último dato recibido: 2026-03-20 17:56:49.847694. 
2026-03-20 17:58:49.845689 -> Error: USB_MUTE          -> No se recibieron más datos de la máquina. Máquina apagada o desconectada. Último dato recibido: 2026-03-20 17:57:49.848879. 
2026-03-20 17:59:49.850538 -> Error: USB_MUTE          -> No se recibieron más datos de la máquina. Máquina apagada o desconectada. Último dato recibido: 2026-03-20 17:58:49.863887. 
2026-03-20 18:00:49.852156 -> Error: USB_MUTE          -> No se recibieron más datos de la máquina. Máquina apagada o desconectada. Último dato recibido: 2026-03-20 17:59:49.860095. 
2026-03-20 18:01:49.853605 -> Error: USB_MUTE          -> No se recibieron más datos de la máquina. Máquina apagada o desconectada. Último dato recibido: 2026-03-20 18:00:49.868905. 
2026-03-20 18:02:49.858240 -> Error: USB_MUTE          -> No se recibieron más datos de la máquina. Máquina apagada o desconectada. Último dato recibido: 2026-03-20 18:01:49.866122. 
2026-03-20 18:03:49.860918 -> Error: USB_MUTE          -> No se recibieron más datos de la máquina. Máquina apagada o desconectada. Último dato recibido: 2026-03-20 18:02:49.865248. 
2026-03-20 18:04:49.855600 -> Error: USB_MUTE          -> No se recibieron más datos de la máquina. Máquina apagada o desconectada. Último dato recibido: 2026-03-20 18:03:49.872994. 
2026-03-20 18:05:49.863215 -> Error: USB_MUTE          -> No se recibieron más datos de la máquina. Máquina apagada o desconectada. Último dato recibido: 2026-03-20 18:04:49.877795. 
2026-03-20 18:06:49.861529 -> Error: USB_MUTE          -> No se recibieron más datos de la máquina. Máquina apagada o desconectada. Último dato recibido: 2026-03-20 18:05:49.879788. 
2026-03-20 18:07:49.870488 -> Error: USB_MUTE          -> No se recibieron más datos de la máquina. Máquina apagada o desconectada. Último dato recibido: 2026-03-20 18:06:49.879121. 
2026-03-20 18:08:49.871095 -> Error: USB_MUTE          -> No se recibieron más datos de la máquina. Máquina apagada o desconectada. Último dato recibido: 2026-03-20 18:07:49.887745. 
2026-03-20 18:09:49.878601 -> Error: USB_MUTE          -> No se recibieron más datos de la máquina. Máquina apagada o desconectada. Último dato recibido: 2026-03-20 18:08:49.886734. 
2026-03-20 18:10:49.877939 -> Error: USB_MUTE          -> No se recibieron más datos de la máquina. Máquina apagada o desconectada. Último dato recibido: 2026-03-20 18:09:49.890712. 
2026-03-20 18:11:49.880887 -> Error: USB_MUTE          -> No se recibieron más datos de la máquina. Máquina apagada o desconectada. Último dato recibido: 2026-03-20 18:10:49.894547. 
2026-03-20 18:12:49.883964 -> Error: USB_MUTE          -> No se recibieron más datos de la máquina. Máquina apagada o desconectada. Último dato recibido: 2026-03-20 18:11:49.888950. 
2026-03-20 18:13:49.879673 -> Error: USB_MUTE          -> No se recibieron más datos de la máquina. Máquina apagada o desconectada. Último dato recibido: 2026-03-20 18:12:49.898127. 
2026-03-20 18:14:49.890072 -> Error: USB_MUTE          -> No se recibieron más datos de la máquina. Máquina apagada o desconectada. Último dato recibido: 2026-03-20 18:13:49.901891. 
2026-03-20 18:15:49.884937 -> Error: USB_MUTE          -> No se recibieron más datos de la máquina. Máquina apagada o desconectada. Último dato recibido: 2026-03-20 18:14:49.897633. 
2026-03-20 18:16:49.882156 -> Error: USB_MUTE          -> No se recibieron más datos de la máquina. Máquina apagada o desconectada. Último dato recibido: 2026-03-20 18:15:49.901024. 
2026-03-20 18:17:49.893673 -> Error: USB_MUTE          -> No se recibieron más datos de la máquina. Máquina apagada o desconectada. Último dato recibido: 2026-03-20 18:16:49.901353. 
2026-03-20 18:18:49.899046 -> Error: USB_MUTE          -> No se recibieron más datos de la máquina. Máquina apagada o desconectada. Último dato recibido: 2026-03-20 18:17:49.909885. 
2026-03-20 18:19:49.906050 -> Error: USB_MUTE          -> No se recibieron más datos de la máquina. Máquina apagada o desconectada. Último dato recibido: 2026-03-20 18:18:49.906126. 
2026-03-20 18:20:49.893706 -> Error: USB_MUTE          -> No se recibieron más datos de la máquina. Máquina apagada o desconectada. Último dato recibido: 2026-03-20 18:19:49.918602. 
2026-03-20 18:21:49.905197 -> Error: USB_MUTE          -> No se recibieron más datos de la máquina. Máquina apagada o desconectada. Último dato recibido: 2026-03-20 18:20:49.917980. 
2026-03-20 18:22:49.903207 -> Error: USB_MUTE          -> No se recibieron más datos de la máquina. Máquina apagada o desconectada. Último dato recibido: 2026-03-20 18:21:49.922757. 
2026-03-20 18:23:49.905574 -> Error: USB_MUTE          -> No se recibieron más datos de la máquina. Máquina apagada o desconectada. Último dato recibido: 2026-03-20 18:22:49.920313. 
2026-03-20 18:24:49.906042 -> Error: USB_MUTE          -> No se recibieron más datos de la máquina. Máquina apagada o desconectada. Último dato recibido: 2026-03-20 18:23:49.926769. 
2026-03-20 18:25:49.911904 -> Error: USB_MUTE          -> No se recibieron más datos de la máquina. Máquina apagada o desconectada. Último dato recibido: 2026-03-20 18:24:49.927236. 
2026-03-20 18:26:49.918167 -> Error: USB_MUTE          -> No se recibieron más datos de la máquina. Máquina apagada o desconectada. Último dato recibido: 2026-03-20 18:25:49.926487. 
2026-03-20 18:27:49.916263 -> Error: USB_MUTE          -> No se recibieron más datos de la máquina. Máquina apagada o desconectada. Último dato recibido: 2026-03-20 18:26:49.928176. 
2026-03-20 18:28:49.922101 -> Error: USB_MUTE          -> No se recibieron más datos de la máquina. Máquina apagada o desconectada. Último dato recibido: 2026-03-20 18:27:49.931903. 
2026-03-20 18:29:49.920307 -> Error: USB_MUTE          -> No se recibieron más datos de la máquina. Máquina apagada o desconectada. Último dato recibido: 2026-03-20 18:28:49.930109. 
2026-03-20 18:37:49.952307 -> Error: USB_MUTE          -> No se recibieron más datos de la máquina. Máquina apagada o desconectada. Último dato recibido: 2026-03-20 18:36:49.951315. 
2026-03-20 18:38:49.953642 -> Error: USB_MUTE          -> No se recibieron más datos de la máquina. Máquina apagada o desconectada. Último dato recibido: 2026-03-20 18:37:50.035412. 
2026-03-20 18:39:49.954437 -> Error: USB_MUTE          -> No se recibieron más datos de la máquina. Máquina apagada o desconectada. Último dato recibido: 2026-03-20 18:38:49.969281. 
2026-03-20 18:40:49.957767 -> Error: USB_MUTE          -> No se recibieron más datos de la máquina. Máquina apagada o desconectada. Último dato recibido: 2026-03-20 18:39:49.969074. 
2026-03-20 18:41:49.963226 -> Error: USB_MUTE          -> No se recibieron más datos de la máquina. Máquina apagada o desconectada. Último dato recibido: 2026-03-20 18:40:49.973988. 
2026-03-20 18:42:49.962791 -> Error: USB_MUTE          -> No se recibieron más datos de la máquina. Máquina apagada o desconectada. Último dato recibido: 2026-03-20 18:41:49.971260. 
2026-03-20 18:43:49.955806 -> Error: USB_MUTE          -> No se recibieron más datos de la máquina. Máquina apagada o desconectada. Último dato recibido: 2026-03-20 18:42:49.977928. 
2026-03-20 18:44:49.964843 -> Error: USB_MUTE          -> No se recibieron más datos de la máquina. Máquina apagada o desconectada. Último dato recibido: 2026-03-20 18:43:49.973527. 
2026-03-20 18:45:49.972324 -> Error: USB_MUTE          -> No se recibieron más datos de la máquina. Máquina apagada o desconectada. Último dato recibido: 2026-03-20 18:44:49.981378. 
2026-03-20 18:46:49.976516 -> Error: USB_MUTE          -> No se recibieron más datos de la máquina. Máquina apagada o desconectada. Último dato recibido: 2026-03-20 18:45:49.987879. 
2026-03-20 18:47:49.975188 -> Error: USB_MUTE          -> No se recibieron más datos de la máquina. Máquina apagada o desconectada. Último dato recibido: 2026-03-20 18:46:49.983541. 
2026-03-20 18:48:49.979538 -> Error: USB_MUTE          -> No se recibieron más datos de la máquina. Máquina apagada o desconectada. Último dato recibido: 2026-03-20 18:47:49.988777. 
2026-03-20 18:49:49.974401 -> Error: USB_MUTE          -> No se recibieron más datos de la máquina. Máquina apagada o desconectada. Último dato recibido: 2026-03-20 18:48:49.985571. 
2026-03-20 18:50:49.980563 -> Error: USB_MUTE          -> No se recibieron más datos de la máquina. Máquina apagada o desconectada. Último dato recibido: 2026-03-20 18:49:49.991598. 
2026-03-20 18:51:49.981125 -> Error: USB_MUTE          -> No se recibieron más datos de la máquina. Máquina apagada o desconectada. Último dato recibido: 2026-03-20 18:50:49.993094. 
2026-03-20 18:52:49.977414 -> Error: USB_MUTE          -> No se recibieron más datos de la máquina. Máquina apagada o desconectada. Último dato recibido: 2026-03-20 18:51:50.003982. 
2026-03-20 18:53:49.991283 -> Error: USB_MUTE          -> No se recibieron más datos de la máquina. Máquina apagada o desconectada. Último dato recibido: 2026-03-20 18:52:50.006122. 
2026-03-20 18:54:49.995613 -> Error: USB_MUTE          -> No se recibieron más datos de la máquina. Máquina apagada o desconectada. Último dato recibido: 2026-03-20 18:53:50.008354. 
2026-03-20 18:55:49.989909 -> Error: USB_MUTE          -> No se recibieron más datos de la máquina. Máquina apagada o desconectada. Último dato recibido: 2026-03-20 18:54:50.009728. 
2026-03-20 18:56:49.997193 -> Error: USB_MUTE          -> No se recibieron más datos de la máquina. Máquina apagada o desconectada. Último dato recibido: 2026-03-20 18:55:50.001918. 
2026-03-20 18:57:50.003480 -> Error: USB_MUTE          -> No se recibieron más datos de la máquina. Máquina apagada o desconectada. Último dato recibido: 2026-03-20 18:56:50.015964. 
2026-03-20 18:58:50.002165 -> Error: USB_MUTE          -> No se recibieron más datos de la máquina. Máquina apagada o desconectada. Último dato recibido: 2026-03-20 18:57:50.019626. 
2026-03-20 18:59:50.001214 -> Error: USB_MUTE          -> No se recibieron más datos de la máquina. Máquina apagada o desconectada. Último dato recibido: 2026-03-20 18:58:50.021920. 
2026-03-20 19:00:50.006629 -> Error: USB_MUTE          -> No se recibieron más datos de la máquina. Máquina apagada o desconectada. Último dato recibido: 2026-03-20 18:59:50.015221. 
2026-03-20 19:01:50.013497 -> Error: USB_MUTE          -> No se recibieron más datos de la máquina. Máquina apagada o desconectada. Último dato recibido: 2026-03-20 19:00:50.025775. 
2026-03-20 19:02:50.012819 -> Error: USB_MUTE          -> No se recibieron más datos de la máquina. Máquina apagada o desconectada. Último dato recibido: 2026-03-20 19:01:50.026536. 
2026-03-20 19:03:50.020836 -> Error: USB_MUTE          -> No se recibieron más datos de la máquina. Máquina apagada o desconectada. Último dato recibido: 2026-03-20 19:02:50.030066. 
2026-03-20 19:04:50.018154 -> Error: USB_MUTE          -> No se recibieron más datos de la máquina. Máquina apagada o desconectada. Último dato recibido: 2026-03-20 19:03:50.034879. 
2026-03-20 19:05:50.024951 -> Error: USB_MUTE          -> No se recibieron más datos de la máquina. Máquina apagada o desconectada. Último dato recibido: 2026-03-20 19:04:50.035212. 
2026-03-20 19:06:50.024140 -> Error: USB_MUTE          -> No se recibieron más datos de la máquina. Máquina apagada o desconectada. Último dato recibido: 2026-03-20 19:05:50.028460. 
2026-03-20 19:07:50.025785 -> Error: USB_MUTE          -> No se recibieron más datos de la máquina. Máquina apagada o desconectada. Último dato recibido: 2026-03-20 19:06:50.039781. 
2026-03-20 19:08:50.034546 -> Error: USB_MUTE          -> No se recibieron más datos de la máquina. Máquina apagada o desconectada. Último dato recibido: 2026-03-20 19:07:50.043358. 
2026-03-20 19:09:50.029866 -> Error: USB_MUTE          -> No se recibieron más datos de la máquina. Máquina apagada o desconectada. Último dato recibido: 2026-03-20 19:08:50.044117. 
2026-03-20 19:10:50.039355 -> Error: USB_MUTE          -> No se recibieron más datos de la máquina. Máquina apagada o desconectada. Último dato recibido: 2026-03-20 19:09:50.046898. 
2026-03-20 19:11:50.038039 -> Error: USB_MUTE          -> No se recibieron más datos de la máquina. Máquina apagada o desconectada. Último dato recibido: 2026-03-20 19:10:50.041365. 
2026-03-20 19:12:50.045972 -> Error: USB_MUTE          -> No se recibieron más datos de la máquina. Máquina apagada o desconectada. Último dato recibido: 2026-03-20 19:11:50.053678. 
2026-03-20 19:13:50.042296 -> Error: USB_MUTE          -> No se recibieron más datos de la máquina. Máquina apagada o desconectada. Último dato recibido: 2026-03-20 19:12:50.045972. 
2026-03-20 19:14:50.045091 -> Error: USB_MUTE          -> No se recibieron más datos de la máquina. Máquina apagada o desconectada. Último dato recibido: 2026-03-20 19:13:50.057936. 
2026-03-20 19:15:50.053420 -> Error: USB_MUTE          -> No se recibieron más datos de la máquina. Máquina apagada o desconectada. Último dato recibido: 2026-03-20 19:14:50.060732. 
2026-03-20 19:16:50.054882 -> Error: USB_MUTE          -> No se recibieron más datos de la máquina. Máquina apagada o desconectada. Último dato recibido: 2026-03-20 19:15:50.053420. 
2026-03-20 19:17:50.057819 -> Error: USB_MUTE          -> No se recibieron más datos de la máquina. Máquina apagada o desconectada. Último dato recibido: 2026-03-20 19:16:50.060441. 
2026-03-20 19:18:50.056896 -> Error: USB_MUTE          -> No se recibieron más datos de la máquina. Máquina apagada o desconectada. Último dato recibido: 2026-03-20 19:17:50.060834. 
2026-03-20 19:19:50.062920 -> Error: USB_MUTE          -> No se recibieron más datos de la máquina. Máquina apagada o desconectada. Último dato recibido: 2026-03-20 19:18:50.072535. 
2026-03-20 19:20:50.062146 -> Error: USB_MUTE          -> No se recibieron más datos de la máquina. Máquina apagada o desconectada. Último dato recibido: 2026-03-20 19:19:50.077517. 
2026-03-20 19:21:50.066191 -> Error: USB_MUTE          -> No se recibieron más datos de la máquina. Máquina apagada o desconectada. Último dato recibido: 2026-03-20 19:20:50.074199. 
2026-03-20 19:22:50.063281 -> Error: USB_MUTE          -> No se recibieron más datos de la máquina. Máquina apagada o desconectada. Último dato recibido: 2026-03-20 19:21:50.073713. 
2026-03-20 19:23:50.071623 -> Error: USB_MUTE          -> No se recibieron más datos de la máquina. Máquina apagada o desconectada. Último dato recibido: 2026-03-20 19:22:50.076289. 
2026-03-20 19:24:50.074054 -> Error: USB_MUTE          -> No se recibieron más datos de la máquina. Máquina apagada o desconectada. Último dato recibido: 2026-03-20 19:23:50.078630. 
2026-03-20 19:32:50.094328 -> Error: USB_MUTE          -> No se recibieron más datos de la máquina. Máquina apagada o desconectada. Último dato recibido: 2026-03-20 19:31:50.094365. 
2026-03-20 19:33:50.097316 -> Error: USB_MUTE          -> No se recibieron más datos de la máquina. Máquina apagada o desconectada. Último dato recibido: 2026-03-20 19:32:50.216145. 
2026-03-20 19:34:50.100846 -> Error: USB_MUTE          -> No se recibieron más datos de la máquina. Máquina apagada o desconectada. Último dato recibido: 2026-03-20 19:33:50.107840. 
2026-03-20 19:35:50.096185 -> Error: USB_MUTE          -> No se recibieron más datos de la máquina. Máquina apagada o desconectada. Último dato recibido: 2026-03-20 19:34:50.116539. 
2026-03-20 19:36:50.108203 -> Error: USB_MUTE          -> No se recibieron más datos de la máquina. Máquina apagada o desconectada. Último dato recibido: 2026-03-20 19:35:50.110193. 
2026-03-20 19:37:50.110020 -> Error: USB_MUTE          -> No se recibieron más datos de la máquina. Máquina apagada o desconectada. Último dato recibido: 2026-03-20 19:36:50.115216. 
2026-03-20 19:38:50.109075 -> Error: USB_MUTE          -> No se recibieron más datos de la máquina. Máquina apagada o desconectada. Último dato recibido: 2026-03-20 19:37:50.125710. 
2026-03-20 19:39:50.110239 -> Error: USB_MUTE          -> No se recibieron más datos de la máquina. Máquina apagada o desconectada. Último dato recibido: 2026-03-20 19:38:50.117084. 
2026-03-20 19:40:50.106845 -> Error: USB_MUTE          -> No se recibieron más datos de la máquina. Máquina apagada o desconectada. Último dato recibido: 2026-03-20 19:39:50.120748. 
2026-03-20 19:41:50.120186 -> Error: USB_MUTE          -> No se recibieron más datos de la máquina. Máquina apagada o desconectada. Último dato recibido: 2026-03-20 19:40:50.125515. 
2026-03-20 19:42:50.117358 -> Error: USB_MUTE          -> No se recibieron más datos de la máquina. Máquina apagada o desconectada. Último dato recibido: 2026-03-20 19:41:50.134848. 
2026-03-20 19:43:50.126632 -> Error: USB_MUTE          -> No se recibieron más datos de la máquina. Máquina apagada o desconectada. Último dato recibido: 2026-03-20 19:42:50.136125. 
2026-03-20 19:44:50.124066 -> Error: USB_MUTE          -> No se recibieron más datos de la máquina. Máquina apagada o desconectada. Último dato recibido: 2026-03-20 19:43:50.126632. 
2026-03-20 19:45:50.129454 -> Error: USB_MUTE          -> No se recibieron más datos de la máquina. Máquina apagada o desconectada. Último dato recibido: 2026-03-20 19:44:50.144816. 
2026-03-20 19:46:50.130952 -> Error: USB_MUTE          -> No se recibieron más datos de la máquina. Máquina apagada o desconectada. Último dato recibido: 2026-03-20 19:45:50.140492. 
2026-03-20 19:53:50.150487 -> Error: USB_MUTE          -> No se recibieron más datos de la máquina. Máquina apagada o desconectada. Último dato recibido: 2026-03-20 19:52:50.151525. 
2026-03-20 19:54:50.147224 -> Error: USB_MUTE          -> No se recibieron más datos de la máquina. Máquina apagada o desconectada. Último dato recibido: 2026-03-20 19:53:50.236063. 
2026-03-20 19:55:50.150967 -> Error: USB_MUTE          -> No se recibieron más datos de la máquina. Máquina apagada o desconectada. Último dato recibido: 2026-03-20 19:54:50.164286. 
2026-03-20 19:56:50.158478 -> Error: USB_MUTE          -> No se recibieron más datos de la máquina. Máquina apagada o desconectada. Último dato recibido: 2026-03-20 19:55:50.170170. 
2026-03-20 19:57:50.163218 -> Error: USB_MUTE          -> No se recibieron más datos de la máquina. Máquina apagada o desconectada. Último dato recibido: 2026-03-20 19:56:50.176754. 
2026-03-20 19:58:50.156327 -> Error: USB_MUTE          -> No se recibieron más datos de la máquina. Máquina apagada o desconectada. Último dato recibido: 2026-03-20 19:57:50.168727. 
2026-03-20 19:59:50.167926 -> Error: USB_MUTE          -> No se recibieron más datos de la máquina. Máquina apagada o desconectada. Último dato recibido: 2026-03-20 19:58:50.173439. 
2026-03-20 20:00:50.171648 -> Error: USB_MUTE          -> No se recibieron más datos de la máquina. Máquina apagada o desconectada. Último dato recibido: 2026-03-20 19:59:50.183618. 
2026-03-20 20:01:50.171651 -> Error: USB_MUTE          -> No se recibieron más datos de la máquina. Máquina apagada o desconectada. Último dato recibido: 2026-03-20 20:00:50.181156. 
2026-03-20 20:02:50.168906 -> Error: USB_MUTE          -> No se recibieron más datos de la máquina. Máquina apagada o desconectada. Último dato recibido: 2026-03-20 20:01:50.180690. 
2026-03-20 20:03:50.169423 -> Error: USB_MUTE          -> No se recibieron más datos de la máquina. Máquina apagada o desconectada. Último dato recibido: 2026-03-20 20:02:50.191004. 
2026-03-20 20:04:50.179764 -> Error: USB_MUTE          -> No se recibieron más datos de la máquina. Máquina apagada o desconectada. Último dato recibido: 2026-03-20 20:03:50.191212. 
2026-03-20 20:05:50.185129 -> Error: USB_MUTE          -> No se recibieron más datos de la máquina. Máquina apagada o desconectada. Último dato recibido: 2026-03-20 20:04:50.186335. 
2026-03-20 20:06:50.188664 -> Error: USB_MUTE          -> No se recibieron más datos de la máquina. Máquina apagada o desconectada. Último dato recibido: 2026-03-20 20:05:50.185129. 
2026-03-20 20:07:50.183804 -> Error: USB_MUTE          -> No se recibieron más datos de la máquina. Máquina apagada o desconectada. Último dato recibido: 2026-03-20 20:06:50.188664. 
2026-03-20 20:08:50.192699 -> Error: USB_MUTE          -> No se recibieron más datos de la máquina. Máquina apagada o desconectada. Último dato recibido: 2026-03-20 20:07:50.198362. 
2026-03-20 20:09:50.190892 -> Error: USB_MUTE          -> No se recibieron más datos de la máquina. Máquina apagada o desconectada. Último dato recibido: 2026-03-20 20:08:50.201706. 
2026-03-20 20:10:50.198018 -> Error: USB_MUTE          -> No se recibieron más datos de la máquina. Máquina apagada o desconectada. Último dato recibido: 2026-03-20 20:09:50.208184. 
2026-03-20 20:11:50.189324 -> Error: USB_MUTE          -> No se recibieron más datos de la máquina. Máquina apagada o desconectada. Último dato recibido: 2026-03-20 20:10:50.198018. 
2026-03-20 20:12:50.197663 -> Error: USB_MUTE          -> No se recibieron más datos de la máquina. Máquina apagada o desconectada. Último dato recibido: 2026-03-20 20:11:50.207994. 
2026-03-20 20:13:50.202033 -> Error: USB_MUTE          -> No se recibieron más datos de la máquina. Máquina apagada o desconectada. Último dato recibido: 2026-03-20 20:12:50.213354. 
2026-03-20 20:14:50.202070 -> Error: USB_MUTE          -> No se recibieron más datos de la máquina. Máquina apagada o desconectada. Último dato recibido: 2026-03-20 20:13:50.218779. 
2026-03-20 20:15:50.212543 -> Error: USB_MUTE          -> No se recibieron más datos de la máquina. Máquina apagada o desconectada. Último dato recibido: 2026-03-20 20:14:50.223316. 
2026-03-20 20:16:50.199365 -> Error: USB_MUTE          -> No se recibieron más datos de la máquina. Máquina apagada o desconectada. Último dato recibido: 2026-03-20 20:15:50.219049. 
2026-03-20 20:17:50.210153 -> Error: USB_MUTE          -> No se recibieron más datos de la máquina. Máquina apagada o desconectada. Último dato recibido: 2026-03-20 20:16:50.218059. 
2026-03-20 20:18:50.219570 -> Error: USB_MUTE          -> No se recibieron más datos de la máquina. Máquina apagada o desconectada. Último dato recibido: 2026-03-20 20:17:50.226361. 
2026-03-20 20:19:50.215802 -> Error: USB_MUTE          -> No se recibieron más datos de la máquina. Máquina apagada o desconectada. Último dato recibido: 2026-03-20 20:18:50.232130. 
2026-03-20 20:20:50.224320 -> Error: USB_MUTE          -> No se recibieron más datos de la máquina. Máquina apagada o desconectada. Último dato recibido: 2026-03-20 20:19:50.232863. 
2026-03-20 20:21:50.227860 -> Error: USB_MUTE          -> No se recibieron más datos de la máquina. Máquina apagada o desconectada. Último dato recibido: 2026-03-20 20:20:50.231830. 
2026-03-20 20:22:50.229890 -> Error: USB_MUTE          -> No se recibieron más datos de la máquina. Máquina apagada o desconectada. Último dato recibido: 2026-03-20 20:21:50.230889. 
2026-03-20 20:23:50.228809 -> Error: USB_MUTE          -> No se recibieron más datos de la máquina. Máquina apagada o desconectada. Último dato recibido: 2026-03-20 20:22:50.238910. 
2026-03-20 20:24:50.234457 -> Error: USB_MUTE          -> No se recibieron más datos de la máquina. Máquina apagada o desconectada. Último dato recibido: 2026-03-20 20:23:50.244856. 
2026-03-20 20:25:50.238198 -> Error: USB_MUTE          -> No se recibieron más datos de la máquina. Máquina apagada o desconectada. Último dato recibido: 2026-03-20 20:24:50.250148. 
2026-03-20 20:26:50.240055 -> Error: USB_MUTE          -> No se recibieron más datos de la máquina. Máquina apagada o desconectada. Último dato recibido: 2026-03-20 20:25:50.238198. 
2026-03-20 20:27:50.234909 -> Error: USB_MUTE          -> No se recibieron más datos de la máquina. Máquina apagada o desconectada. Último dato recibido: 2026-03-20 20:26:50.240055. 
2026-03-20 20:28:50.239791 -> Error: USB_MUTE          -> No se recibieron más datos de la máquina. Máquina apagada o desconectada. Último dato recibido: 2026-03-20 20:27:50.253152. 
2026-03-20 20:29:50.246113 -> Error: USB_MUTE          -> No se recibieron más datos de la máquina. Máquina apagada o desconectada. Último dato recibido: 2026-03-20 20:28:50.255901. 
2026-03-20 20:30:50.251503 -> Error: USB_MUTE          -> No se recibieron más datos de la máquina. Máquina apagada o desconectada. Último dato recibido: 2026-03-20 20:29:50.262737. 
2026-03-20 20:31:50.247752 -> Error: USB_MUTE          -> No se recibieron más datos de la máquina. Máquina apagada o desconectada. Último dato recibido: 2026-03-20 20:30:50.265611. 
2026-03-20 20:32:50.257635 -> Error: USB_MUTE          -> No se recibieron más datos de la máquina. Máquina apagada o desconectada. Último dato recibido: 2026-03-20 20:31:50.265436. 
2026-03-20 20:33:50.245433 -> Error: USB_MUTE          -> No se recibieron más datos de la máquina. Máquina apagada o desconectada. Último dato recibido: 2026-03-20 20:32:50.266688. 
2026-03-20 20:34:50.256836 -> Error: USB_MUTE          -> No se recibieron más datos de la máquina. Máquina apagada o desconectada. Último dato recibido: 2026-03-20 20:33:50.265129. 
2026-03-20 20:35:50.251425 -> Error: USB_MUTE          -> No se recibieron más datos de la máquina. Máquina apagada o desconectada. Último dato recibido: 2026-03-20 20:34:50.274447. 
2026-03-20 20:36:50.261377 -> Error: USB_MUTE          -> No se recibieron más datos de la máquina. Máquina apagada o desconectada. Último dato recibido: 2026-03-20 20:35:50.269640. 
2026-03-20 20:37:50.265319 -> Error: USB_MUTE          -> No se recibieron más datos de la máquina. Máquina apagada o desconectada. Último dato recibido: 2026-03-20 20:36:50.282248. 
2026-03-23 06:28:53.466681 -> Error: USB_MUTE          -> No se recibieron más datos de la máquina. Máquina apagada o desconectada. Último dato recibido: 2026-03-23 06:27:53.468680. 
2026-03-23 06:29:53.477517 -> Error: USB_MUTE          -> No se recibieron más datos de la máquina. Máquina apagada o desconectada. Último dato recibido: 2026-03-23 06:28:53.575903. 
2026-03-23 06:30:53.479638 -> Error: USB_MUTE          -> No se recibieron más datos de la máquina. Máquina apagada o desconectada. Último dato recibido: 2026-03-23 06:29:53.480525. 
2026-03-23 06:31:53.470999 -> Error: USB_MUTE          -> No se recibieron más datos de la máquina. Máquina apagada o desconectada. Último dato recibido: 2026-03-23 06:30:53.496221. 
2026-03-23 06:32:53.487790 -> Error: USB_MUTE          -> No se recibieron más datos de la máquina. Máquina apagada o desconectada. Último dato recibido: 2026-03-23 06:31:53.501207. 
2026-03-23 06:35:53.496837 -> Error: USB_MUTE          -> No se recibieron más datos de la máquina. Máquina apagada o desconectada. Último dato recibido: 2026-03-23 06:34:53.488444. 
2026-03-23 06:36:53.485811 -> Error: USB_MUTE          -> No se recibieron más datos de la máquina. Máquina apagada o desconectada. Último dato recibido: 2026-03-23 06:35:53.632103. 
2026-03-23 06:38:53.497411 -> Error: USB_MUTE          -> No se recibieron más datos de la máquina. Máquina apagada o desconectada. Último dato recibido: 2026-03-23 06:37:53.496628. 
2026-03-23 17:12:51.978627 -> Error: USB_MUTE          -> No se recibieron más datos de la máquina. Máquina apagada o desconectada. Último dato recibido: 2026-03-23 17:11:51.982209. 
2026-03-23 17:21:52.006150 -> Error: USB_MUTE          -> No se recibieron más datos de la máquina. Máquina apagada o desconectada. Último dato recibido: 2026-03-23 17:20:52.006677. 
2026-03-23 17:22:52.011767 -> Error: USB_MUTE          -> No se recibieron más datos de la máquina. Máquina apagada o desconectada. Último dato recibido: 2026-03-23 17:21:52.207281. 
2026-03-23 17:23:52.015291 -> Error: USB_MUTE          -> No se recibieron más datos de la máquina. Máquina apagada o desconectada. Último dato recibido: 2026-03-23 17:22:52.020301. 
2026-03-23 17:24:52.019216 -> Error: USB_MUTE          -> No se recibieron más datos de la máquina. Máquina apagada o desconectada. Último dato recibido: 2026-03-23 17:23:52.021408. 
2026-03-23 17:25:52.018535 -> Error: USB_MUTE          -> No se recibieron más datos de la máquina. Máquina apagada o desconectada. Último dato recibido: 2026-03-23 17:24:52.025761. 
2026-03-23 17:26:52.013228 -> Error: USB_MUTE          -> No se recibieron más datos de la máquina. Máquina apagada o desconectada. Último dato recibido: 2026-03-23 17:25:52.036218. 
2026-03-23 17:27:52.026959 -> Error: USB_MUTE          -> No se recibieron más datos de la máquina. Máquina apagada o desconectada. Último dato recibido: 2026-03-23 17:26:52.030273. 
2026-03-23 17:28:52.029307 -> Error: USB_MUTE          -> No se recibieron más datos de la máquina. Máquina apagada o desconectada. Último dato recibido: 2026-03-23 17:27:52.026959. 
2026-03-23 17:29:52.026411 -> Error: USB_MUTE          -> No se recibieron más datos de la máquina. Máquina apagada o desconectada. Último dato recibido: 2026-03-23 17:28:52.042950. 
2026-03-23 17:30:52.031553 -> Error: USB_MUTE          -> No se recibieron más datos de la máquina. Máquina apagada o desconectada. Último dato recibido: 2026-03-23 17:29:52.046099. 
2026-03-23 17:31:52.034115 -> Error: USB_MUTE          -> No se recibieron más datos de la máquina. Máquina apagada o desconectada. Último dato recibido: 2026-03-23 17:30:52.046138. 
2026-03-23 17:32:52.032699 -> Error: USB_MUTE          -> No se recibieron más datos de la máquina. Máquina apagada o desconectada. Último dato recibido: 2026-03-23 17:31:52.050317. 
2026-03-23 17:33:52.042461 -> Error: USB_MUTE          -> No se recibieron más datos de la máquina. Máquina apagada o desconectada. Último dato recibido: 2026-03-23 17:32:52.050878. 
2026-03-23 17:34:52.033623 -> Error: USB_MUTE          -> No se recibieron más datos de la máquina. Máquina apagada o desconectada. Último dato recibido: 2026-03-23 17:33:52.058096. 
2026-03-23 17:35:52.042914 -> Error: USB_MUTE          -> No se recibieron más datos de la máquina. Máquina apagada o desconectada. Último dato recibido: 2026-03-23 17:34:52.049262. 
2026-03-23 17:36:52.052099 -> Error: USB_MUTE          -> No se recibieron más datos de la máquina. Máquina apagada o desconectada. Último dato recibido: 2026-03-23 17:35:52.058606. 
2026-03-23 17:37:52.055161 -> Error: USB_MUTE          -> No se recibieron más datos de la máquina. Máquina apagada o desconectada. Último dato recibido: 2026-03-23 17:36:52.052099. 
2026-03-23 17:42:52.059724 -> Error: USB_MUTE          -> No se recibieron más datos de la máquina. Máquina apagada o desconectada. Último dato recibido: 2026-03-23 17:41:52.065046. 
2026-03-26 06:12:55.532025 -> Error: USB_MUTE          -> No se recibieron más datos de la máquina. Máquina apagada o desconectada. Último dato recibido: 2026-03-26 06:11:55.530730. 
2026-03-26 06:13:55.538637 -> Error: USB_MUTE          -> No se recibieron más datos de la máquina. Máquina apagada o desconectada. Último dato recibido: 2026-03-26 06:12:55.532025. 
2026-03-26 08:04:55.841648 -> Error: USB_MUTE          -> No se recibieron más datos de la máquina. Máquina apagada o desconectada. Último dato recibido: 2026-03-26 08:03:55.834309. 
2026-03-26 10:11:56.189293 -> Error: USB_MUTE          -> No se recibieron más datos de la máquina. Máquina apagada o desconectada. Último dato recibido: 2026-03-26 10:10:56.185460. 
2026-03-26 10:12:56.188704 -> Error: USB_MUTE          -> No se recibieron más datos de la máquina. Máquina apagada o desconectada. Último dato recibido: 2026-03-26 10:11:56.359395. 
2026-03-26 15:33:53.934509 -> Error: USB_MUTE          -> No se recibieron más datos de la máquina. Máquina apagada o desconectada. Último dato recibido: 2026-03-26 15:32:53.933277. 
2026-03-26 15:34:53.939498 -> Error: USB_MUTE          -> No se recibieron más datos de la máquina. Máquina apagada o desconectada. Último dato recibido: 2026-03-26 15:33:54.033546. 
2026-03-26 15:35:53.942076 -> Error: USB_MUTE          -> No se recibieron más datos de la máquina. Máquina apagada o desconectada. Último dato recibido: 2026-03-26 15:34:53.948564. 
2026-03-26 15:36:53.938997 -> Error: USB_MUTE          -> No se recibieron más datos de la máquina. Máquina apagada o desconectada. Último dato recibido: 2026-03-26 15:35:53.955621. 
2026-03-26 15:37:53.945020 -> Error: USB_MUTE          -> No se recibieron más datos de la máquina. Máquina apagada o desconectada. Último dato recibido: 2026-03-26 15:36:53.954054. 
2026-03-26 15:38:53.947625 -> Error: USB_MUTE          -> No se recibieron más datos de la máquina. Máquina apagada o desconectada. Último dato recibido: 2026-03-26 15:37:53.957037. 
2026-03-27 14:28:54.546778 -> Error: USB_MUTE          -> No se recibieron más datos de la máquina. Máquina apagada o desconectada. Último dato recibido: 2026-03-27 14:27:54.548434. 
2026-03-27 14:30:54.560676 -> Error: USB_MUTE          -> No se recibieron más datos de la máquina. Máquina apagada o desconectada. Último dato recibido: 2026-03-27 14:29:54.559951. 
2026-03-27 14:44:54.591971 -> Error: USB_MUTE          -> No se recibieron más datos de la máquina. Máquina apagada o desconectada. Último dato recibido: 2026-03-27 14:43:54.598045. 
2026-03-27 14:46:54.600667 -> Error: USB_MUTE          -> No se recibieron más datos de la máquina. Máquina apagada o desconectada. Último dato recibido: 2026-03-27 14:45:54.603521. 
2026-03-30 09:12:59.166941 -> Error: USB_MUTE          -> No se recibieron más datos de la máquina. Máquina apagada o desconectada. Último dato recibido: 2026-03-30 09:11:59.169936. 
2026-03-30 09:44:59.259623 -> Error: USB_MUTE          -> No se recibieron más datos de la máquina. Máquina apagada o desconectada. Último dato recibido: 2026-03-30 09:43:59.258648. 
2026-03-30 10:04:59.308631 -> Error: USB_MUTE          -> No se recibieron más datos de la máquina. Máquina apagada o desconectada. Último dato recibido: 2026-03-30 10:03:59.302500. 
2026-03-30 10:07:59.316676 -> Error: USB_MUTE          -> No se recibieron más datos de la máquina. Máquina apagada o desconectada. Último dato recibido: 2026-03-30 10:06:59.311284. 
2026-03-30 10:08:59.314683 -> Error: USB_MUTE          -> No se recibieron más datos de la máquina. Máquina apagada o desconectada. Último dato recibido: 2026-03-30 10:07:59.467507. 
2026-03-30 10:09:59.318676 -> Error: USB_MUTE          -> No se recibieron más datos de la máquina. Máquina apagada o desconectada. Último dato recibido: 2026-03-30 10:08:59.346069. 
2026-03-31 10:11:00.049653 -> Error: USB_MUTE          -> No se recibieron más datos de la máquina. Máquina apagada o desconectada. Último dato recibido: 2026-03-31 10:10:00.053339. 
2026-03-31 10:13:00.055001 -> Error: USB_MUTE          -> No se recibieron más datos de la máquina. Máquina apagada o desconectada. Último dato recibido: 2026-03-31 10:12:00.061924. 
2026-03-31 10:43:00.137358 -> Error: USB_MUTE          -> No se recibieron más datos de la máquina. Máquina apagada o desconectada. Último dato recibido: 2026-03-31 10:42:00.138569. 
2026-04-07 16:04:03.261949 -> Error: USB_MUTE          -> No se recibieron más datos de la máquina. Máquina apagada o desconectada. Último dato recibido: 2026-04-07 16:03:03.270898. 
2026-04-07 16:05:03.270836 -> Error: USB_MUTE          -> No se recibieron más datos de la máquina. Máquina apagada o desconectada. Último dato recibido: 2026-04-07 16:04:03.350670. 
2026-04-07 16:06:03.271691 -> Error: USB_MUTE          -> No se recibieron más datos de la máquina. Máquina apagada o desconectada. Último dato recibido: 2026-04-07 16:05:03.291470. 
2026-04-07 16:07:03.273995 -> Error: USB_MUTE          -> No se recibieron más datos de la máquina. Máquina apagada o desconectada. Último dato recibido: 2026-04-07 16:06:03.288320. 
2026-04-08 11:08:33.456267 -> Error: USB_MUTE          -> No se recibieron más datos de la máquina. Máquina apagada o desconectada. Último dato recibido: 2026-04-08 11:07:33.453596. 
2026-04-08 11:09:33.455138 -> Error: USB_MUTE          -> No se recibieron más datos de la máquina. Máquina apagada o desconectada. Último dato recibido: 2026-04-08 11:08:33.606756. 
2026-04-08 11:10:33.461776 -> Error: USB_MUTE          -> No se recibieron más datos de la máquina. Máquina apagada o desconectada. Último dato recibido: 2026-04-08 11:09:33.482288. 
2026-04-08 11:12:33.460296 -> Error: USB_MUTE          -> No se recibieron más datos de la máquina. Máquina apagada o desconectada. Último dato recibido: 2026-04-08 11:11:33.470936. 
2026-04-08 11:13:33.469039 -> Error: USB_MUTE          -> No se recibieron más datos de la máquina. Máquina apagada o desconectada. Último dato recibido: 2026-04-08 11:12:33.594192. 
2026-04-08 11:14:33.470066 -> Error: USB_MUTE          -> No se recibieron más datos de la máquina. Máquina apagada o desconectada. Último dato recibido: 2026-04-08 11:13:33.484048. 
2026-04-08 11:15:33.473096 -> Error: USB_MUTE          -> No se recibieron más datos de la máquina. Máquina apagada o desconectada. Último dato recibido: 2026-04-08 11:14:33.495781. 
2026-04-08 11:16:33.480224 -> Error: USB_MUTE          -> No se recibieron más datos de la máquina. Máquina apagada o desconectada. Último dato recibido: 2026-04-08 11:15:33.487698. 
2026-04-08 11:17:33.474764 -> Error: USB_MUTE          -> No se recibieron más datos de la máquina. Máquina apagada o desconectada. Último dato recibido: 2026-04-08 11:16:33.497823. 
2026-04-08 11:20:33.488091 -> Error: USB_MUTE          -> No se recibieron más datos de la máquina. Máquina apagada o desconectada. Último dato recibido: 2026-04-08 11:19:33.477269. 
2026-04-08 11:21:33.485624 -> Error: USB_MUTE          -> No se recibieron más datos de la máquina. Máquina apagada o desconectada. Último dato recibido: 2026-04-08 11:20:33.693986. 
2026-04-08 11:25:33.504381 -> Error: USB_MUTE          -> No se recibieron más datos de la máquina. Máquina apagada o desconectada. Último dato recibido: 2026-04-08 11:24:33.496802. 
2026-04-08 12:04:30.719290 -> Error: USB_MUTE          -> No se recibieron más datos de la máquina. Máquina apagada o desconectada. Último dato recibido: 2026-04-08 12:03:30.708356. 
2026-04-08 12:07:30.725723 -> Error: USB_MUTE          -> No se recibieron más datos de la máquina. Máquina apagada o desconectada. Último dato recibido: 2026-04-08 12:06:30.723115. 
